PC1,PC2,PC3,PC4,PC5,PC6,PC7,PC8,PC9,PC10,PC11,PC12,PC13,PC14,PC15,PC16,PC17,PC18,PC19,PC20,PC21,PC22,PC23,PC24,PC25,PC26
6.31026012185297,-1.6024164064420885,1.8388052193779476,0.31172561585070985,3.1771605258566575,-1.5882526303663906,1.6731282817434219,-2.042560347732798,-1.9648024344344357,-1.7669027496012066,-0.15788545396719242,0.9510775332145537,-1.3750470171929596,-0.6739805991436099,-0.19533519976928176,1.4551553742061514,-0.8810915148298664,0.4857828365120814,-0.386593124131144,-0.8775177479394782,-0.9446394953261128,-1.5915732498248791,0.48185652734806744,0.4990318067618529,0.3323769848404375,-0.6955153143773092
1.3752443627417512,0.7226456773980114,-4.585243196715342,-2.6512047573939657,-1.9269685917235826,-2.657810310329496,0.1294789020983938,0.026602110757259833,2.632113123791082,0.8514575535875877,1.6493211707679887,0.22913010846144805,-0.19481606975407845,0.7658171375927303,0.188135176965004,-0.12096742292207932,1.206393570895834,-0.6005468934684487,-0.3707934331847255,0.6758858991363936,0.7035124707571627,0.8331220754478621,-0.6832678919809467,-0.5131199894856159,-0.21857843903455554,-1.1518024550036041
2.602242647219139,2.4633970820970883,-2.9972636605303227,0.7341424764022103,0.7370064847842069,2.645187307775212,0.9196387974099952,0.17304162697959502,1.7595354796963698,0.9843641093123863,0.6061805566909099,-3.11689212349794,0.13846882836013513,0.31089507894618884,1.5624228769685236,-0.3274210115892098,0.8194687891659688,-0.7506192209431594,-0.09011084047546383,-0.25602728646660716,-1.2186458099072153,0.46065731379336844,0.9843891429535728,0.23976325221996012,-0.413751186629702,-0.01614250313124637
3.9995609229529103,3.866610368797986,-0.4528790033751777,-0.012013428728670124,-1.4679635772443582,-1.0781443832197208,-0.27937367743421415,1.8942352356562566,-0.2243826349830368,-1.2395383886623712,0.7336893971759556,-1.513631378839512,-0.29790497287867646,0.9173784161009546,-1.4052881950218268,0.23654322965978267,-0.4931879643164706,0.2777457400032769,1.409967699631776,-0.9156430232071359,1.3786177031839701,0.5313085953773181,-0.5550016786321962,0.7946876708977231,0.5940232638403966,-0.022366128449977856
-0.8958767042756982,0.9515461151145106,1.0650120442787496,0.9371942435721925,0.571912280613139,0.6592690684612921,0.17675394785023932,-3.3658415955005085,3.812468744120917,-0.022911268405113046,0.8405032964233664,-2.3994960486102395,0.951772242638924,-0.8130833465860899,2.468850475104455,-0.1767085846756023,-0.10941963386864227,-0.6858964286360528,-0.9149168780545226,-1.4214584475857703,-0.47359587449601426,-0.38123778924875645,-0.2750484563846339,-1.436026614932237,0.4425344960727697,-1.0610086516003385
-4.353081785136184,1.3893178369177839,2.433317540129729,3.106976987076307,-1.0441908258973616,-2.998668638146698,0.7854731015164436,2.088492578581305,-0.8770725352906671,2.1458813211229377,-0.7508528034390389,0.5240831055757259,-2.099370628370506,0.49630652289650257,1.363626429243683,-0.20923771192010238,0.3983389152523647,-1.4767167034623838,-0.37432423328224695,-0.270259333400697,-0.7219923624657978,-0.3199288271590476,-2.8545232695199236,-0.9127043447708696,-0.16434350266313463,0.46421306613754343
-5.603999257428094,-1.4089546897100853,3.3852156074738433,-1.154307159518924,-0.27925094675601597,1.3365569605280077,1.3119389382766693,1.6133745914660764,-1.5389085142938215,0.09927192853090229,-0.7365218514814907,0.6903929881360112,0.9279438466260836,0.4459895230422057,-0.32067666221260677,0.2372654699880687,-0.2060692602192979,-2.192956792495638,0.020994836058947645,-0.500812692200366,-0.39301830281470174,-0.10782442997396913,-0.6022660793521557,0.009191614141929223,0.252613114796479,-0.8768324778717699
-1.808983575008255,0.9795700822959212,-1.762438196425282,-0.3230897814163638,0.14199024231619758,0.13192706925082298,-0.16984579070399908,0.10376457163599781,-0.448284188239519,1.5978226637672956,-0.8317046731304139,-1.0084854838178536,0.009852909542550409,2.120317555063526,1.3896672360288884,1.046782212804395,-1.0737361716174496,0.6694602488211437,0.4854776521678514,1.0406594924824066,0.4678718932831759,-0.3628846026263047,-0.6973284047590678,-1.3454554643575947,1.0081290945683623,-0.6975167710084184
-5.066532951846321,-1.9577578067097747,-0.9501755440408901,2.7680911850023384,-0.46549387586374014,2.326896508982984,0.18132753374071703,4.841707846311896,-1.9360060839584075,5.649543457425117,3.466332418817903,0.30569601307260313,0.9891427007644901,-1.4167651099364988,2.1304131848699295,2.6187651276584267,0.6166259116064312,0.2117848496520605,-0.7112433345668012,0.7477401235739273,1.182812249742915,-0.016764338287689435,0.02023251328034225,0.6061789340242034,1.1247577565945455,-2.0284313821920925
0.7984397661666041,-0.9120188878716312,-1.0726275607493665,-0.4497756839684145,-1.9823918269216128,-1.092958802746806,-0.9500738510965472,-0.9061527980662035,0.5815282333089542,-1.0677012973130355,1.1948528712170117,-1.8525049790839807,-0.730935128817629,-2.383264325213217,0.9595701193623541,-0.024357844202123793,-0.8579840140084565,0.28688046491164493,0.8258625433494524,0.05683916784127146,-0.23244131605825644,-0.21899755445368338,-0.891274570010814,-0.2037805198561139,0.2800463196235685,0.34999580197544794
-2.002979210771976,0.6009858306521547,1.1501774191515586,3.2334878934412186,-0.5004580636333431,-1.3791798822675507,2.7472254684475916,0.6170681928383387,2.153640843285568,1.72880363380186,-0.9384845286618307,-0.7139521645661042,-1.7710786716656408,0.3567585339252805,0.39041404279466796,0.02610839987470428,-1.3524731582483231,0.7057596368610121,0.27277056549234235,0.2777290339730655,-0.17831115480994472,-2.3293130515571465,-1.2495757276619737,-1.2134267894604651,0.6527154323945559,-0.6465209260423506
-6.123285053667378,0.2941540758785648,2.7253004311873408,0.6913069149297689,-0.6592309388756908,1.7546283749368297,-0.4848044139021885,-0.5872036595115616,-2.2186592400654694,0.1080105061634619,-0.06944235240816272,0.7450798955360437,1.205630612295126,-0.526813273780268,1.4440664520610502,0.9374805367795708,-0.015890709393125677,0.8801108088173211,0.8412568288489831,0.20766812302520402,1.3788011851819202,-1.8562744985949142,-0.49593893022300384,0.11441373758558154,-0.5490962437002437,-0.11369053989123194
-0.2605096327342438,2.0639828473988455,-0.6722049999176942,0.08338412866295423,2.666269554084268,1.2280779809621234,-5.763300941577698,0.8991287832677589,2.286650448423822,-3.7332816161049416,0.18858057306572734,0.7512574107420829,-1.6070213243939693,-0.0941730044917545,-0.9830552305227207,1.2823627992505868,-0.772745170950105,0.8144022202942851,-1.0721526287970644,-0.8794479882927675,1.5954015297371178,-0.35648781177409583,1.9768244786347382,0.46833381483454894,0.023861732420436058,0.6688069036778694
0.057182658426042,-3.90475402840071,-4.255001511541733,-11.720688802550367,2.8001672333657726,1.1587604002628171,1.104617874309138,0.730174978067736,-0.1885283693787983,-0.5482698259350476,-1.935481009311939,0.9786115311559668,-0.37854030016964124,-0.15931597452568536,1.6657484501661446,-0.6366227212331196,-0.03185883292932717,0.1155700193471676,1.4755405397705785,0.03249565534795862,0.35491020237744714,0.05033367207706572,0.5566266795844509,-0.6012420589634181,1.0379400781143475,0.27797653161488145
1.720776160930531,3.3512419761961634,-3.3029766527554494,1.364704295144837,-2.5083688386620273,-0.9635580727594698,0.007641502455006815,1.8053404647058875,-6.434245985408374,-0.17314543601996138,-1.4146575051571268,0.07364593746369515,2.2542638954599052,-2.4386771025170244,-1.1606714980384747,-1.2301728728872172,-1.6507490811042957,-0.7703803822162724,-0.8817203243810402,-2.368543071807729,0.02773028740561226,-0.30040735722426326,0.12975652565156137,0.2858671866015824,-0.44070965461821276,0.31225951962407084
-0.5496592007726416,0.746657900065812,-1.6877871679492569,2.128546813937157,-2.7177442912946796,-2.5519453998619244,0.20652554324911174,-1.2099604286162777,-0.41952062321033173,0.40648628800836817,0.9337043605096568,1.0725495057580663,2.9163255561438346,-0.11408665721100712,-1.1836322229858063,0.584625170095664,0.7670507370847872,-0.0597027795201349,1.9318408822267608,0.7461423752589423,-1.5475584191134397,0.30210430615417716,0.334576196059899,-1.1303649417524715,1.000136480622446,0.1922182266679442
-4.751375271415446,-5.346720778390156,-0.0067240389534468,5.503576227076566,-4.689645197659132,3.7673367884387963,3.963039258910137,-1.4023510474664695,4.6208971741216445,3.3822743333880947,4.724513895422283,2.237904409919342,4.666560329398778,-0.37342430185328346,-0.003526968798967855,-1.892179465714445,0.49948160056811397,2.372622889898311,0.2257097652112843,-0.3503889667321408,-1.0511580590784262,-0.07280781630136168,-1.791776020467501,0.2545299608891333,-0.04723101540050181,-0.05613146313810936
1.7776871475260712,-2.5743171700157825,0.79081365157609,1.571602522122193,1.8954434581686406,0.7927384013166893,0.7763964404017104,-0.5750999439227994,-2.004051519106695,-0.308541303262625,0.03780682165980083,1.313681583381483,0.5497592509552799,0.9523497572229407,0.6715380641727888,0.5049897943290456,-0.12743661883726695,-0.32225109617806685,-0.7907161150159755,0.7863181105574396,0.9156010004333784,0.8836271398706954,0.33392992866172033,0.6812424318279231,0.2758271152659698,0.0554457807437349
-3.3523793112881153,6.953312947838714,-0.8248315398317912,0.8413955421365521,5.435054178377689,-3.7149131587458646,-2.853065892277794,-0.2836625696846317,1.5514954513318606,-1.069330205353594,0.37079973295534135,1.9990983717777584,0.40441940731788406,-2.307539192977676,-2.2030392648133588,1.2816969799354696,0.39943895485173203,-0.9961446289135926,0.07151517828956142,1.6845978210595163,-2.0544685870755734,1.0519130193768693,-0.9727366662750796,0.9036751966446688,-0.0023405185712975156,-2.2581326814048213
8.229116328819869,-1.2178014146700131,0.19262006181935679,1.760256531921632,2.705334764026496,0.3221066057658526,-0.8879094379480135,0.129547362854811,-0.06235475002187829,4.094711749566916,-0.19328426695665182,0.12514162532821324,0.5990695998478954,1.0182245402139882,0.427257258122466,-0.6902015704292985,-1.352612675526653,-1.0622306986948207,0.3920999939977627,0.9864260657158281,-0.010596022445120118,0.897804493324961,0.4976321379152717,-0.25013876276417507,-1.5708820083738053,0.06388898797534223
6.933145304701419,-2.957262465622495,-2.880291555741873,4.376902425881327,1.1735834467144177,1.2764772904353137,3.9126622582519834,4.369770555345799,2.768077859600602,-0.6931402533823501,1.1266536538230574,3.9671790760261034,-0.6817865809954434,-3.6089606945348436,1.1821863701242148,0.7859746746045617,0.8399833009596434,0.3209503179079816,-1.4509198173299946,-0.7691838962094488,-1.1544753438091961,-0.5070773136830553,-1.1148402778842192,-0.6271351563303746,-0.4240754657008675,0.5025012907376238
-2.52743078021737,-0.24260943035528446,-1.4246032811230356,3.508904710716852,2.476136754337505,-3.031432877185447,3.7561039801624685,0.5912368325099578,-2.5539442563474357,1.2918822958410718,-1.6307327816417208,0.5574409112862011,0.10314729586727157,0.19292953025314274,-0.49702863723155916,1.1750404525567713,-0.3428405102532095,-0.6398483288638704,0.3611793282900871,-0.9370500837937067,0.04833883704157493,-1.1434875215650413,0.42778767279625163,-0.27148656613151606,-0.19755915707537394,1.2350805665013187
4.212869822978081,0.774319480047175,-3.981734180907485,-1.0030708799324528,-2.0836623800521217,0.9715227871985098,-1.1530389763452018,-0.8125262510894775,-1.6746816012034647,-2.1330182018098953,0.8617134706078894,-1.8119291118676826,-1.776183036956745,-1.27118992978513,-1.693501587236067,1.1220089888007907,0.6213636638618305,0.35729210589496657,1.704232726851083,0.7068607613370156,-0.5626740492398081,-1.0598210889419706,0.32682991815361434,-0.23509950519619568,-0.26165514063132267,-0.5998637293972079
7.041876075702973,-2.0116017530489687,1.3805199509507642,1.452265649098892,1.1867870028374259,-1.2455414289004068,-1.3358228271336874,-1.2484273402564277,1.0853284925278033,-2.0554000402106856,-1.1596179696873132,-1.6595000056688765,-0.5622187303078076,1.0556221669694152,0.9439979442106022,0.11855922937168198,-0.6302432665156499,-0.4283671927652104,-1.264545395638933,0.8171926990913463,0.2474302785630655,-0.6804755682846426,-0.9561393361797094,0.2532268734785772,0.33864276604873733,1.054421352585726
1.2734724539182458,-4.020621245995652,-0.39480194185217954,0.7689299436761714,4.741617948018724,1.2272743788342688,-0.03971831849972056,-1.500425824106175,-3.1923400146577103,1.88582091130122,-1.3872933203161877,-0.16738261983457992,0.4339986003734067,0.7312656449969623,2.3680888949891643,2.285934340952672,-0.5200332566711601,0.5791887075962444,-0.12643064375793373,-1.3779975381548808,1.2929109936049825,0.6779964417690031,-0.14879845215751325,0.6868635853205907,-0.04786581565845401,-0.058418879813977496
4.045406574682224,1.8102344619628106,1.4231857203855767,-2.955343777294434,-0.8505989563339168,0.9106903421760439,0.9265028947381025,-0.5158393958398918,1.8622412271003028,-0.4579048969271683,-0.4851076010549867,0.30336959162059757,-0.967078290931823,1.4720547926570566,-0.6805060691667058,-0.16848171876649504,0.6767856666070592,-0.46111427789193327,-1.602949156960556,0.21657573593867738,0.39912898064641505,-0.66270568048083,-0.1695660368630208,-0.42563394081449235,0.21297382547822272,-0.016298252926463072
0.882091511930969,0.21655640707947316,4.136274171413082,-1.3738170157182426,-2.390757073852319,1.7081944756545486,4.126295949263453,-2.8398543682750925,-0.9947675949630082,-1.1273156313993147,2.251271965780626,-0.23720556059137082,-0.08826277529426578,-0.19906129198342415,-0.09308168284885714,-0.9401017323758319,-2.3765173880670356,0.43281465968369875,-0.7745764953996166,0.529665750341433,-0.4882999513983346,0.2315676155249778,0.7644800195936983,-0.09204541785716303,0.6032177864454902,1.2943385430951542
-7.012843539307393,-3.835146390362903,-1.1704934945970171,5.063882537223283,0.6000707751144188,6.207423025216394,-0.1484691408738879,-1.0469284502578278,-1.769781001329969,1.5597877840867573,2.2261517463759044,1.34068994443597,-5.483513823106805,-0.705145653675234,-1.6630955636419056,-3.4265969184164806,2.379817374338225,0.5125158582871578,1.4192515609754885,-0.605951600297215,1.113175237021063,-1.1841796797422077,0.9758844043631834,0.8749739511660827,1.7194920455951586,1.701772127688464
0.07162890973795451,2.7890040638125706,-2.630566228008275,2.0434424076592737,-1.5188522361751313,-4.427277663027767,0.11044478739380864,-0.048338725217119016,-1.0750300980472105,-0.3041590238191261,0.04993204591712344,1.8962341617213605,1.0454937268759763,-2.0972389203330257,-0.7211591075086606,-0.2938949002558193,0.282810853505225,-0.30418957275049346,0.48823369249920795,0.22135732818359571,-0.20591156106140202,0.6022863793391442,-0.06957824089143247,-1.3239443273364147,-0.6505345009597105,1.0220921353693897
1.353371130307981,1.67075852657894,0.189746755238481,0.50439860903391,-1.400358500972652,-0.4369527520181133,1.2957731086691529,0.21868851233359765,2.1247885468433103,2.554452814959638,-0.27051572142886615,-0.2252267963868462,-0.3136292153050067,2.4879330558935684,-0.5985412131915187,1.1591398686358358,-0.42746823423425967,0.3737652855605331,-0.270456997910723,0.4110958480060621,0.7479646360576826,-0.2713810707149904,-0.41220907309122523,-0.4106839672716108,0.26453053919385316,-0.42533000296429796
3.695439994990615,1.122821654767327,-4.721781825463238,-0.4044877557778116,-3.6080494883874916,-1.255909970851948,-1.8346275790411326,-1.5862341298044595,2.689268121052255,-0.5460454200313274,1.4292331007844195,3.4065004124568534,2.9028426064518897,-0.5371230722323185,-0.2928779840181766,0.9004032606618405,-0.7031433239919871,1.4841801357053015,1.632908536970123,-1.8134157097508372,-0.3461618656267885,-0.44963130347944014,-0.4969712131283154,-0.7424883094051237,-0.8957316428627757,0.2484778890332303
-3.287541756970164,-4.335007168985959,0.12075625504423726,-7.438901939861205,1.4179667736159725,-2.674872913439379,0.2286853857199094,-0.46659945449630413,2.3797342922559372,-1.9967003251012438,0.9547191077658579,-1.1891102125488726,-0.7587222016581441,-1.9818760899350087,1.382688625849133,-2.8370748793411917,0.2758349567557537,-0.5556278286658096,1.6290154825500311,-0.7208565989809209,1.6845888695276283,1.7533029284396202,-1.0261193267716193,-0.07099448689831626,0.8171064722913749,-0.2291552696385686
-1.3666813968627456,0.06027218001137102,-0.6172424028609979,1.8258633288475403,-0.13121066971295117,-2.7754517611436405,2.5436732373085946,-0.6498389941896342,0.1031987290053967,-0.9161050123496426,0.5218903676682445,1.2801459707543879,-0.17309787149519862,0.7517801227548461,-2.6513876934637985,2.0038353480340914,-1.2987193428361463,0.04928968414370056,1.1221816427797051,1.7119418926665724,1.3234254760287254,2.8375391099935072,1.1765339241070227,-0.2012109948039021,-0.8825541791550369,-0.18051012840789443
2.3181645293723965,-1.6731328765826947,1.383360892003263,2.0601648710846883,3.1173164703453025,-1.2641382707811253,0.22864293160826618,-1.6671471754415217,0.3114996677409356,1.765692637410127,-0.1260079918381463,0.032514142929564005,-0.8587474264256779,1.441920690452579,-0.11810251486447061,1.5969902535347378,-2.0479263836309944,1.154556279937465,1.4298078469074436,1.4869424420075905,0.1579979429624207,0.17529435724382322,-0.1433642563280285,-1.4317904201660514,-0.12383213525474975,-0.721221285977297
-0.783608395972353,-10.478202058583758,5.875016483229167,-1.6151045673627695,1.1107364728759854,1.8862345157399385,-3.106587451873717,-0.8150707814158257,-3.3790941597403212,-1.4610370042652496,1.6151895572039352,-2.53055082089088,1.2278233897933069,-0.16376519352773028,-3.4277682441848065,1.6642448289681901,1.1275921165299791,-0.15457279317196793,0.2782844054609256,-0.2406127545904474,-0.6389551695585816,-1.1669417180754902,-0.40861832168602347,-0.47471369237419314,-2.0429800714848825,0.5734330360029627
0.05653996788354315,4.251432302381963,3.4674093824115855,0.17632648899731262,2.0703472546622703,0.15255145729471625,1.9208604026377922,-2.0121175486217635,-1.0557566376957443,0.7241847270734834,-1.2102269859620542,-1.102347310320391,-0.4238105485860752,2.107373257828884,0.3549117667001965,0.6431818510135965,-0.42798934186657317,1.3961327041837428,1.5091111316191037,-1.385103373421432,-1.5142745763499805,-0.871929942503168,-1.7924229045397633,-0.4338244135476195,-0.44881748466774535,0.34946263519142473
3.235936410912348,-2.448517010160436,2.7809183945302056,3.985085175779863,-5.665633733993098,0.6646714727666694,2.506702025671248,0.7427916957095122,2.1517265897694506,1.0282891775442853,3.603063220788544,-0.6614325452048062,-1.3854216893052764,-0.08190411751676553,0.2855403459066543,0.8728332876177631,1.6001536454004526,-1.3708370804665728,0.7729296375910624,-2.1491672551564864,-3.658340988643905,0.05531874065727978,1.3502822369223566,-0.9577626557291246,-0.06553479702097574,0.641054649344327
-2.3692657022279016,1.8826869690245411,-1.1995894502525886,1.782712448990525,-0.8872112701383438,0.8590088973935346,-0.9304718492004548,2.410996993887669,0.43004913371440084,0.5654997999265748,-0.8846898799627322,0.778835031774928,-1.1647500562344693,-0.6559372172677048,-1.984419617357476,-1.2336555837043408,1.3735588013580462,-1.8001535272856715,0.25163627887962514,-0.001180042894223924,-1.8651003923291263,2.0872893916945,-2.106596588088903,0.8214943994947836,0.27387472759948434,0.2241191773301414
0.7677071603806289,1.68942585035657,-2.4089321990654935,-1.2557050191984027,-0.49800797286894566,0.874523462605029,2.1373164589898703,-1.362413383033295,-3.153867915577184,-0.8662546513869387,0.48126618379652475,-0.7413639515008258,-0.5759920060116599,-2.6898324887974896,1.308404587480309,1.2637992840892442,0.12076689369433498,0.1862973734643261,-0.7140348420343163,0.13735122777212266,0.4199235640224042,-0.016109446041766444,0.17051231898753602,-0.010920977640260484,0.37647075317367795,0.43453110669790407
-7.305491332473275,-8.57530507832332,-1.2135436697843254,-5.639057507547105,-1.941144320050361,0.9837566722157923,1.1156135082532355,1.048754645621425,-0.39217312865365717,-1.690247093790342,1.2360461331145387,2.4156110892971263,-1.4696688139401168,1.0740559495907556,0.40233886168049643,1.2784245654637638,1.3286982845480313,-0.7582494598421363,-0.49105109134139574,0.03304066254630593,1.2635248097754272,-0.21058279764881543,0.19638490614787257,-1.880909319552665,0.20239417881326344,0.7500051038921643
1.5592436319338683,2.6218145297728834,-3.6000633986859016,-0.22421947914381915,0.6136098163475299,1.6130887556688374,-0.8895862601289921,3.4178369094949033,-1.9256747478270544,-1.0561608203501138,1.529600164438617,2.189001171945692,-0.6399981823932294,2.4601513837207016,2.2075662618300242,-0.2600069710904989,0.822831118117458,-2.650964428298657,-1.6097628606936323,0.6698300295811543,-0.5709617408979293,-0.24143590152459543,-0.8516157810054559,-0.9461881830867268,-0.5484209535264619,0.17426525844740443
-2.312140766997683,-1.366723450684005,5.336270750859874,-9.120991697839642,2.6935800488484727,-1.5213565862835594,2.930598700275885,-2.1070781332438644,1.7661163191324833,-0.4862129571650387,-1.1246136682255872,0.14986853270922015,-0.5084369061756102,-0.05493250875943275,0.0201157885179749,-1.99456710451772,1.3429423242137593,0.3236394905542318,-0.18387914765171565,-1.291178908886124,0.025489312499744784,0.19610635990703093,0.46358862081796287,-1.0317089323455224,-0.05944564662732396,-0.89313790985504
1.3835814321343285,3.762801913561605,-0.39880553118902934,-0.31104733052529193,-3.130256748208162,0.9745100956644179,1.7616381841434048,1.295142797008479,-0.2727402941670157,4.004939925830904,-3.0463671016698326,0.5916680757222392,0.8828761602439164,0.09421047863238795,-0.30479519130164295,-0.6595462607102794,0.4926382681789738,0.6123931167633111,-0.8323753314699439,1.655205569536893,0.05620060144485674,-0.7499082305478239,0.09797378664190809,0.15001857657405487,-0.4894965663982435,-1.3431659075436044
-3.719937316712445,5.86555804807771,4.669461558679429,0.002731567660817291,-1.9417222481291698,-2.4187994237260697,-8.215676634820843,7.809000597074461,-0.4409491981521618,0.2026005165641375,2.009059539769749,-1.4323883170570244,-0.5301174780913609,0.32124731471606366,2.7830170092282063,-0.137550745461288,-0.6348677792470842,0.17587357673536433,2.6985756134380154,0.6703066147900938,-0.8597399834645798,-2.08433665135696,2.5703807255569626,0.7304326905525248,0.5856790872375346,-0.6933280877612299
-5.929582074646928,-0.151016149195772,-1.4534711293936131,4.217633675045012,-0.17947540739743478,-1.5772878330891957,0.668494625571201,-0.6952818824678199,-1.5526239993094366,-2.5143815198974466,-1.6098845154856096,-1.9906675719925764,-1.3316273988436858,0.06556495862170514,1.2659102335981272,-0.773000826011159,1.0740000639100435,-0.0022981168152876636,-0.30478898520675424,-0.20988322132337145,-0.4690552703793627,2.245429970002749,-0.771849077578373,-0.07875020775261246,-1.2189962165447372,0.8731313949350851
-0.5679730102070112,2.3282566511215013,-1.4565781843175134,0.32817609290647687,-0.2983014177032984,-0.11075284683882053,-1.0920066039345608,1.4495527891963744,-2.5083775931819443,-0.8448307358201522,1.3467479754625717,-0.04128318691767192,-0.37543883710904413,0.6957082415005436,0.20570208525344474,1.2041080990698463,0.8537517697895783,-0.019387422984384558,1.1510802874189636,0.6016715277660643,0.7537245072141576,0.8741868274271096,0.606011504170375,0.21678227784254162,-0.9786086991784531,0.6468973774350976
4.62961263146527,-3.96607000011857,1.108129525922214,-0.41937282336924153,1.7284606407472818,0.8230129418326111,-1.2859085271635735,2.4262701779767624,-1.2653246983050332,-0.24316155038890352,0.47777508877400493,0.10132597524036743,-0.9717254485061051,-0.34374403065340864,1.00540839451199,-0.8662103882003378,0.4837336400626293,-0.6550623453374367,0.6703239474752353,0.6067240975015356,-0.9563322672694604,0.5534795807861072,-0.07315276806584037,-1.002618883080807,-1.2424700258933195,0.46779634688089244
0.9752181715877604,1.6097131698129692,-2.748324913611978,-0.09220260636663917,0.7697033279911092,-1.2130483415573652,-0.5056439500783679,-2.9345461902512375,0.30874658500483937,1.0555752438040562,2.1645328845351317,-0.048071084218853706,-1.819551501484113,-0.78577729357793,0.7076082022586576,-0.3145546272353722,-0.0790221617133795,-1.3590673205539514,1.5289374655696863,-0.60343706951478,-0.5350752265032881,-0.41531293673468056,0.08598050942769785,-0.4098474280695243,-1.0944382208491992,1.0959433010827948
-3.7268506029415946,-0.39342469805691677,3.1063627452492475,2.2796113513219978,-2.5482623503527244,0.8062189869854242,2.2987535160513555,-0.5890809180465736,-0.09824112793841083,-0.34322062622143396,0.2815084451662515,-0.15551321151544506,1.3133105213175837,-0.8530548903589348,0.08459276774007767,0.10330487683815824,-0.23912035669674633,0.2397130748968893,-0.09487781427019311,0.8460069964208534,1.5608966915175992,0.1256161116831302,1.0412722463786548,0.8176153866723017,0.316760579289372,-0.4712206971584774
1.3921335345985844,1.0188360650746333,-0.7387431700544257,-1.5231884114152543,-1.3147471160313282,2.5311102783310115,-1.363861127234678,0.4589023683360786,0.9971447953078122,1.8741724238923407,-0.9196004219119851,-0.5061761345085776,-1.9540383447650396,1.4887165031152898,-1.1766994978550798,1.614410182467412,-0.3303863503475435,1.3194580178921818,0.8226048112450467,-0.621423693026469,1.3346071296963404,-0.30001783237522345,0.586895677739144,0.11850932408472532,0.3029919572012317,0.39652451718487547
-3.339473533366374,1.6781098749160732,3.936254871175789,0.046075470202219714,0.0640715022428218,0.9472611668907933,-0.5866968419651227,-1.9999339001335812,-0.3612858576375851,0.25623390513202193,-0.4219697936360082,0.025461714302666857,0.13291191726982868,0.8819047725735959,-1.0378256147239793,0.37566804289318806,-0.8660359652839262,-1.856335861815285,-0.2369488420590822,1.012035347233563,-0.6783755535428477,0.43639959741817247,-0.44505206873468256,0.3894953824862481,1.834980429074617,0.2257533345124094
2.375931786923072,-6.500649515647135,4.480957645076495,-7.3273976344999525,-3.074917137474592,-5.040077871168365,0.16491053671186257,2.0889307968145596,-0.5608326035802429,3.8572816717077854,-0.8148120945776139,0.9450945002322485,0.5930407898319648,-3.1386618551397776,0.996384596071726,-1.712779386456837,-2.2773953501044355,0.518896203678655,2.6759643307021572,-0.6761353139442536,1.4229523630744267,0.4968092836489055,0.5435967960999478,-0.1978057691116943,-0.3772920220431661,-0.4114231368087087
3.182383992956882,2.045156915181733,-1.9900978696107852,-1.805358032151189,-2.7287891762553453,1.6300957822673232,-3.105713528087629,-0.9658937788523413,-1.3302596360010503,-0.16853893679229828,-0.4723882079216641,-0.9810013452330972,0.9376519509153552,-1.3533051143275991,-0.4922934242159303,-1.6282869083153395,-0.37111033645110086,1.1833675168265207,0.43709914711309406,-0.29536289190989035,0.20271636186172903,0.7551377530673621,0.8575758540604306,-0.5780278076949545,-1.2908667854033278,0.8424361793635126
-0.5129124533686543,3.7993335797656473,-1.4200107967482858,-0.04404577028948857,1.8886395748320126,0.8127440336110494,2.890989720051385,0.7531908366126366,1.0505454895129802,-0.8260790142434803,0.7136197281989557,2.560630295826052,-0.7721171760373988,-1.0461327028716294,0.4666777903553344,-2.120131823849572,-0.454074849805347,0.1390218641844901,-1.9408028137319198,-1.9278404160138203,-0.5171671638905212,-0.018958766136337825,-0.6306590574456055,0.8393575765419393,-0.9005302543960156,-0.5876979664607888
0.7691580952705674,1.4416829654909176,-1.1374575559421563,-3.039214448708348,-1.0954334729582562,1.8830667686211329,-0.41856926339442363,-0.4425447262104837,-0.8487127263505612,-2.871142876818657,1.2495138082885853,0.543221590630283,-0.1280593787518392,1.1831670750557692,0.731263951797314,0.5848110846564619,-0.8797769504740818,0.037995433232557184,0.3333568200163849,1.753422458418095,0.08590934068080967,-0.5767820883993386,-0.2179307381207213,0.8909581128281762,0.36301750373318525,-0.04782508637550469
-1.6682667860641616,2.0663618244123616,2.6462202032888333,1.3027977054121118,0.016116270857276904,1.6943924003094522,0.40910313653207864,-0.6967196854129218,0.8454963113344958,-2.1352356213971433,-2.6151204000164903,-0.5143327540771401,-0.8525569034844106,1.2250661333814599,-1.2264754160978786,-1.1750661749832751,-0.6800451593837519,0.4760937310406204,1.4811150353113618,0.22751838763064877,-0.25597064313518364,1.3080522986398124,-0.2645286487297089,0.9904619206290717,0.41361281671257016,-0.7230776790180125
-0.04248897898778491,2.1389216492543617,1.949863567681674,-0.2910993346103528,0.28609982934196854,2.7467230006187022,0.9813019318223634,0.38482698323911096,0.1746792403851755,-0.2448046461624331,0.4703195667007465,0.11106571547578066,-0.053275148485836483,-1.498692007511866,-0.5241065006195913,2.2841910376774464,-0.35990130520575253,-1.242585709115046,-0.9418125344117314,-1.0675471544169044,0.9396332059568758,-0.22161354033055333,-2.5371201676958206,0.7572711210440946,0.3601939663500253,0.0091565060676296
-1.2472850082142055,2.0754237857326094,4.179121984573337,0.009511177174111802,0.621976908551298,1.933615245450591,-1.3824808934175352,-0.3906641147125269,1.1480916277571354,0.8340558607622541,1.314925138756285,-0.26229219728190545,-1.0382806383009706,1.7830952867660277,-1.2373144509061569,0.4389301522386808,-0.1546168279498431,-0.004980579438295617,0.0016100252733989913,-1.814232229762384,0.7309959438353081,0.3047671674504852,-0.4436638148504399,0.7835850979205784,-0.664782276447298,-0.02135699277559471
-2.299721343620669,2.502588427698613,0.26810779013496167,-2.208481877489222,0.18211894170632595,-0.7345668020915652,-0.24695508160491295,-1.6654750783671424,1.8082790706827512,1.0686814273425385,-1.292094479614431,-0.20075845312868956,1.0394011150321614,0.8893701798007079,0.27642997734057884,-0.36104191253417645,-2.147630350335324,-0.47503192980648234,0.6073765353994256,-0.08239112990466833,1.3968204770893768,-0.6280094601263623,-0.8899787268444098,0.09379505294662059,0.7025665806540108,-0.09069994079800174
-3.6557575904250577,5.151907901337647,3.1877419553168345,2.370814160643504,8.786248140637165,1.6520975384772638,2.2037465467942954,1.642678856565621,3.281998023722311,-3.305869327282489,0.9848362454365215,0.7752306840431246,2.950335274170827,-3.225813716882505,0.33579724135781047,0.8299154455873571,1.6423320571844429,0.34252553972328037,1.4228474343935784,1.8920075952698723,0.10279204758624022,-0.8366370964281334,-0.2597020455071393,0.3459918127134284,0.42949775078188746,-0.6301479927643724
4.4113245179479135,-1.0086436904789684,4.1799957813285635,-3.15811814570488,2.3772992589068136,-3.3301001729275668,-0.6969456710403269,0.5039392346936776,0.8172646842858119,-1.081383853646772,0.4859956441056849,1.6206885000232272,0.5793432586096897,-1.037729292156573,-0.41930772685437884,-1.1890989756596284,0.26518171396075507,-1.013628285310946,-0.807030952978719,-0.5606646325499247,0.037093284672041836,-0.6980874655232322,-0.5356286868213489,0.41634020464195837,0.6461898380929573,-0.3611310637915223
-8.310165941077607,-7.466833671349001,1.491801881479155,-2.49872964839234,0.8191662265096784,-2.5901466580023533,-0.6254031840353376,1.888034491477585,0.27523128310590755,1.996175047239603,1.0870297213330566,-1.9865996612775498,-0.8446878458906056,0.7965312472586101,-1.5984190421829354,-0.0010715256260408984,-0.3509722397266463,-1.9354133986126458,-1.7195643317972185,0.9672881229003091,-1.880689751954308,2.218170741365253,2.141817132358561,-1.236423311437677,-0.356378107633148,-1.1125034837638261
-2.1017632752067343,-0.1393037335391106,-1.45135627143965,-0.9108506942106624,0.8295458229015251,-1.1651217932575013,0.38084229909767925,0.05287106446199397,-0.05604612351721839,-1.636466723551181,0.12700377368497334,-0.9875556490864851,0.37853331291310766,-0.15986912090426897,1.2095223184928168,-0.5882867421478953,0.14888847494371232,-0.529959731908924,-0.07546331658577936,-1.0258762326800104,0.02213428049812842,0.10142691651316464,0.7205602759956827,0.09530274085614236,1.091984412379246,-0.16884446439345835
-0.5884905003751084,0.005782595729716259,1.181130766551798,-3.7420063889496618,-2.616851244500324,-3.7815397245998965,0.12263899531971685,-1.209850715051066,3.4710671048144968,-0.7432395575622923,2.4044948423073436,2.894502003589275,0.534255886923285,1.3089451756460984,-1.3729580082167252,0.13948833462275156,0.5587999796072235,-0.33205573699789653,0.5980339818878622,0.38414961133844816,1.2686748928346916,-1.3812469633392332,0.12166246336508979,0.9989837118263931,0.6085699440447225,-0.0250961576872108
-2.912929280139029,0.04893714080104762,1.2674572320054356,0.5048303746195739,-0.5818820065725951,-1.9034879220651366,-0.6559955882611589,-3.741931858378672,0.8260282356771292,-1.9941271214480338,0.9732653712487537,-0.7070079678077895,0.27263628929435035,0.10529465466135055,0.6638525582652005,-0.18937702895649258,-0.8168831547501176,-1.0781066375047363,0.32346123184824094,0.7774371207582477,-0.8733582275479777,-1.4270549885990287,-0.9936154190763669,-0.03944953226989883,1.0979994263457802,1.054578285310349
-2.470542118698433,1.5788973127049424,-2.1850831571742355,0.06231310586819405,2.6400702292543676,-3.442315475495197,-0.45831534875570545,-1.9322463260231113,0.44102225136307155,1.1253210183426388,-1.4039449643568904,0.5311573033588688,-0.11941429501737483,0.6442365397980774,-0.4364059448704793,0.9138307947015593,0.9610708116828832,-0.7032142480732901,0.041502352530987455,-0.0742920624711637,-1.4349275122959373,0.8016414892471595,0.7105516879508889,-0.5958958621038464,0.6964834124233774,-0.3908617095330812
1.9221755168927819,1.1623987744309447,-1.952351266568284,-3.221452275219093,0.01591295272439935,2.3675151526862788,0.4875527539838969,0.5858058974609871,0.1342855758534668,-0.15912046017562304,0.046481152520025326,-1.4919523837659445,-0.005218071292100351,-1.3748785870068583,0.6607103301241802,-1.1511369107972673,0.839350043381816,0.4707089387739008,1.2598775515387515,-0.4523522422869206,0.664633331846714,-0.5887845530065388,0.8464651579723907,-0.7628095927313933,0.0690470569098422,-0.890948049972131
0.752530685008931,2.184224517472453,2.4131327942411107,0.007336020656274352,-1.0872735964909532,-1.614001097548185,2.2122673478734987,-4.154655444810459,-0.2258804347493015,-0.9603746991253893,2.1426327059236474,1.973831823948257,-0.8477172360501681,-0.38390388990484137,-0.7855930015028002,0.8209549136856491,-0.5927670870236614,-0.36226875271643033,0.7435562692618105,0.11250809475810986,0.639935801031434,-1.1362905711975388,0.6213327381356203,1.6823883211102126,-0.20032603396564636,-0.9224570029716047
3.383690718760715,4.6723372543620005,-2.79523134229956,-0.06563973002822492,2.7153816421293846,-0.8563656268644007,1.3414759703958792,-0.5340090626405817,-1.161946790251197,-0.022968066561299395,1.3765793839056575,-2.9427716935932358,1.3363188914507176,1.669461836725465,-1.1164642092630885,-1.1847710832244323,3.0682462804766732,1.3053278179504744,-1.931675018688034,0.28333355748893385,1.5114406314279676,1.289995272925351,-1.1336828933198175,-2.469205691272024,1.8486560469197657,-1.8591154168556943
-5.890896230128066,0.1195618981817577,-2.334997519522261,1.296949290842661,1.491010675494858,-0.8959990479800738,-1.6104892564446656,-3.1489648412986537,-0.9278093942588803,-0.905262041287173,0.9644367886660714,-0.46898202281400875,0.5495961383585481,-0.7114714050374588,0.957639307224098,1.039836163623874,-0.46816936007302773,-0.5037099384322373,-0.8367372855960092,0.8049206798749541,2.425440398525248,0.5872217873638852,-0.7192438598852269,-0.93343746286363,-1.1516547067090648,1.2056788784142438
-1.2588257672749086,2.594322640179901,0.09636773280808614,-1.0164950892344526,2.5304798201647847,2.081243880946704,1.6671929946596895,0.09422169517736047,-0.4874636596024252,2.5121925308644535,-0.6890254803371657,3.09440657053243,2.0116408747374424,1.843309552114367,-1.1700872103993842,1.885487920373481,-0.218677458513698,1.904094747680905,0.3478209257794261,-0.4449564745911653,1.5511807215711906,0.4986805975151585,0.11004704497938611,-0.770727601806018,-0.9856714064965387,-0.544984872174602
-1.0410072220905904,1.4453755535088089,-1.815183670167301,1.1325293196984174,-0.3490228720416579,0.06253444386676317,1.6354707181011225,0.2241938345605334,0.15145809187846734,-3.1432719432421776,-0.8068577911833248,-1.635890739721196,2.2721676170209513,0.6417063286382421,-0.2476581586636061,-0.5527421502614603,0.3519649244987142,1.7330529679642435,-0.20921404720636758,-0.19576046855587564,0.039004740981548325,-0.6296456663342177,0.9576155520039427,-0.38562365091784584,0.328814870056753,1.349734320509855
6.357145803703811,-2.3579843543165895,-1.420243240609844,3.6947930028734493,-0.23113771887482018,-1.8257534117683112,0.8877187874483694,5.134100374833141,-0.6376413106959476,-3.3779061662079948,-1.2957891646548025,1.0644891841287036,0.18910575755365355,-0.14278944285862208,0.05400335519651407,-1.0838659380700002,-1.1440078556329802,0.974190944177867,0.582538800590557,-0.17275252751154682,-0.5861264804139895,-0.15203931001710355,0.7077020924803342,0.6456433544891633,0.20516894505671351,-0.9369036041839538
0.7216426707261038,3.175839221456146,-0.032708824077247824,-2.0807915764651157,-0.9209442005260128,0.35579318861879683,-0.6573154795645555,-0.004428174131657391,-0.10538579904654882,1.4632313273036726,3.290156264169575,1.2189872919428926,-1.383813108383407,2.6749820584216066,1.286966412403902,0.24559096780977693,-0.7841143876015992,-0.20006717631872756,-1.0929139403147183,-0.7024570029685264,0.4883014265719334,-1.6376305056753457,0.010701201425930944,1.2692385493601843,-1.4182252342513075,1.0524318914886979
-0.8142224774693791,2.009477074842299,-3.5997338752122374,1.719019582768705,1.9129652000610398,3.1072066816948682,-0.10319212922707152,6.665965152182897,3.450699980368123,-0.21509475675904796,-2.4472493205074195,1.3689496523930988,0.8604246839177879,0.2344806075702286,-0.9396695742203629,0.6816581659700657,-2.5122285310736814,0.8488835625142532,1.6794786816004441,0.19735567889940833,-0.6612650361439987,1.4334200146614287,0.6618840541501612,-0.9725757999419853,-0.2786241788071984,0.3214186794981944
-3.3125551358320156,-2.6277651768501644,-9.443870091241768,0.7022555138083679,-1.6474154867477935,2.3097514089169624,1.2188266231352987,-3.103364025081465,3.4120000947920626,-0.14381786024312818,-3.8125725130981056,-1.4710852684297737,1.4574244803943839,0.23877461525637142,1.6538676585550047,-2.6479014951253124,-3.150306668954033,-1.5952604937437664,1.7387084068523637,2.878524168532427,-0.4126110537521465,-0.06359777754928335,-0.24218793915343917,2.7745469789578463,-1.7151535490436494,-1.6839495307929966
6.697926263743343,-1.6241568487318079,2.5483348708647435,0.17665925769209043,1.8545373892230523,-2.217732550553561,1.931387517452003,-2.028330941351359,-0.9798280922976254,1.4019773095557775,1.1750771549332857,0.8414424160960591,0.17293143430354505,0.43750002621573003,0.5468974007691816,-0.3517193232728214,0.3386894512608723,1.8072393176142545,0.0006193027738744621,2.0839364400285882,-0.7569519083447137,0.6924329625884121,0.3278988675862847,0.8630830154073621,-0.01966735086615064,1.0126116714702371
-0.7307569075642482,1.8085705068424998,0.8989697161628145,0.009154157852132501,0.8678289875748584,-1.666708167580937,-0.9177207411510676,-0.41308157651536226,0.004984532181106431,-0.6637125748322701,0.8755975718656271,0.6696403454561675,-2.3007373607636823,-0.7464568494058226,-0.03950367397401991,0.9261857992877496,0.42311101440013676,-0.17517784817920096,-0.5013038093989443,0.23578190956206563,0.2128798431225021,0.4711975917976671,-0.671388903159656,0.8719656920131883,-0.5756904271679639,-0.045083706243923674
-4.841370521086937,0.7655217674784953,-0.6500873690907758,0.8211949216686031,4.094556321339873,0.14606795365286462,0.17093210374358167,1.4275909697846079,-2.001878945982076,-0.557400835698201,0.876284253382903,-0.974600685882527,-0.3626716950082169,0.7128016904209323,2.7301620108105116,1.0128415219606697,1.2472708781754358,1.943417074254898,0.24192901052897187,-1.4203693579372187,-0.7860772428660446,0.6387241497016676,-0.0729461329813456,0.06563649292556967,-0.2783454306275463,-1.456503127841049
-5.404126463166759,0.3512059945338176,1.1675551346397501,3.031369545145474,1.2558742084031607,1.0112957752994698,-4.180248931101892,2.408159194044534,5.138230405495157,-1.0418255468483921,-0.7655389273498955,-0.41428329514282874,-3.508138754010732,-1.7563087284047338,-0.8072744046521834,0.9742919607401852,-1.7035753077775617,1.863801851750809,-2.2631025829123645,1.7532394379246095,0.09052743085728014,0.36007306808628575,0.2625419145083155,-0.41645454517569824,-0.24432438693353123,1.8767626511808897
-4.432807358745351,-3.819428279063167,-0.8942314710027854,-2.2586150256323667,3.0103570688874584,0.20818041197765952,-1.3779622770349367,3.523179275241445,1.5788818776710831,0.20191747329207096,1.155731873257148,-0.8985582924905592,2.6640026451474945,2.4995641993784536,-3.6102832025069107,-0.6851135382475909,1.751901481133414,0.12900807617180426,-2.140675229651549,0.393337758009759,-0.5257617722363165,-1.213674050066826,-0.08384987223162894,0.6335941813719334,-3.2990132433240738,-0.4191550903448745
2.470030592536489,4.508749997338991,-2.124794157633567,-1.1552169739586942,1.9617239316918968,-3.180236652232577,1.7406330948834077,-0.011043340568440274,-2.8928009566353037,-0.02399691472573607,1.8923803739124094,-1.4191020365603608,-1.0785072448229214,-1.8161955526461466,-1.450258078541309,-0.19288131534668526,-0.45751497650387296,0.1960118873145421,-0.21905010396605076,-0.611830274292091,-0.4828880024337305,-0.03520892082686479,-0.8751724340144353,-0.06342034697417413,0.027559864712044205,0.5023572667891232
-3.6320698575587564,-0.8044826951822267,1.5164067460575128,2.6856136324854623,1.0130719215824449,0.497311491760059,4.189932723491473,-0.30368212902770864,-0.5365668929907923,-0.5834413470936683,-0.051994495698777135,-0.003778966962403315,0.6165203243854578,-1.1623734617300656,0.16525243253907768,0.03352202700560865,-0.5117698876108265,-1.024829931671859,1.2434042604891784,0.7317156642298237,0.08786343234253821,0.7818525863026349,0.7266499147269185,-0.3210570958128775,-0.5662950792701263,0.7759854877844865
-1.0069845438968588,1.0451560499187063,2.1201217268911914,0.8045347287509106,-2.222333540185615,2.457679501847113,-2.064663496091144,-2.1617957106702255,0.8600276532163219,1.6412303243842101,-4.2195678119710776,1.1934336856393775,1.1626198318928458,-0.447860719272888,-3.5127997386530927,-0.35553151764736696,-1.5902165686776066,-1.6952038655494646,-1.4082966982285507,-1.384572031607759,0.5565285331150379,-0.9275892612513978,0.40737252428695925,-2.270238032298414,-0.8790100520027414,0.0843215268521889
-2.4942720930585276,4.811821239138234,6.286929108477768,-0.5051620679635339,4.259612244445432,0.6110689968689736,-0.4368827687793486,1.8726683934027455,0.1016113389676944,0.12717539420771004,-0.01356423109693086,0.646941606829528,-0.8257137160490676,-1.171400823934422,-0.2421161930604185,-0.8118933310404707,0.28177327372359745,0.09297634661960923,0.35053277573320846,-1.0036897960994953,0.14319811605650776,0.2885033473165733,-0.4975038244675745,-0.2741780184423089,-1.2703444349247524,-1.1475089294442293
-2.1223340766903354,-1.4851664454933307,3.0509870826310816,5.045685739789933,-2.4930864320634867,-0.982517402708439,4.347611739967961,0.6639003725841088,2.608787861201534,0.8231973120838322,-1.3785343548623203,0.11385340779620887,-1.0746185935128376,-1.617468939017258,0.3782095307370867,1.987376454783109,0.6284874818410959,-3.2923091351791425,2.4182604151649625,0.408058991535202,-0.16257556221353373,-0.11429163838774944,0.5992105104852583,-0.5773445890120451,0.853078117392007,-0.7425532070886051
-2.171549613399176,0.14377844507306722,-3.9012508684586775,-1.7770693057598987,-0.3289989476317239,-0.8342759134081207,-1.0452677183034618,-2.6149611468165137,-0.16810913308696046,2.3764490640893863,-1.1719451397530385,0.4965459624079462,-0.21792005935559092,0.14753601283922144,0.9009092094604423,-0.4629071361721969,-0.3964173740770678,-0.022381419500962223,-0.11108101637113968,-0.5997514624624318,0.9860263396288186,0.8889484298555037,0.5775044086382513,1.3222941364450886,-1.1072795125561952,0.07557206624485034
-1.4061442721117041,1.0531205296939614,2.4299652379551966,0.17555288253960544,-1.2770840276142477,-1.9454817247768634,0.27745444827788407,-0.04137907827092638,-1.2622876025567673,-1.162552534897069,1.663395182808763,-0.16785619342368968,1.2833797008331473,1.168794827270091,-0.7419138901823882,-1.0994953166143555,-1.3061029125410804,-0.5674424079729652,1.074580784815172,-0.6191553218490576,1.2390614706194922,0.7209885807309752,-0.9301301241003743,0.3339077252584194,-0.15143028450272844,-0.2218373741789945
3.393392258073286,3.774508714001708,-1.5112853431131603,-4.177113590399238,-0.879967768244383,0.34557530628454874,1.5788367021197216,-2.086762845547203,-1.8735119875781674,1.6569095983046471,1.192507723250737,0.38857058406242573,-1.0154938412175685,0.48490197730683227,-0.8340558926346334,0.12411266678471983,0.7021418018939957,1.4802308153285022,-1.6791795552252335,1.3457712029048352,-0.29719171818149237,0.2332379297970941,0.14287188962671896,0.4772661401436851,-0.53011614986053,0.5508685048647012
-0.21405497529076964,1.852787263628356,1.9360755319512566,-0.5415835215533122,-3.613084851940933,0.19593666981609875,0.7956606388787708,-0.49456127720081966,-2.0208945114141583,-1.8221126731910868,0.8442044522255944,1.8198976617660212,-2.1313833454053412,2.128413418607085,-1.0410978274851053,-0.6592933138348973,0.5335193934251856,-0.35414886239355914,-0.049406939693107735,1.5327302852930265,0.396861397848741,0.43667872501010213,-0.6395319017357656,-1.7538822135801833,-0.81214336568806,-1.0980575041546685
0.41029048138003577,1.481819290025186,-1.1940601879404216,-1.4139634566726602,-0.9031015866510647,-1.1622708832541693,1.4620058259181197,2.7529435873904515,-3.1782705713332433,-0.9088261643882793,-1.2440662154490745,0.8658710189927041,-0.47318424150166344,-9.750185224517169e-05,-0.22294903652956122,-0.10615232590095132,-0.16093119704697498,1.178275878600505,0.4125776023381618,-0.13732546764121664,-0.34749552219387175,-1.5170388863899609,-0.4956480607959123,-0.7626694150795298,-0.6680705260905342,-0.5898483103147347
-2.4716260656483966,-0.4837248155115408,3.438423317836115,-3.3725059532798762,1.6352043514837546,-0.9273729657653496,0.4271166359496324,1.8779832444184847,0.9217892757271751,-1.8677588637653604,0.9897383704663564,-0.48375063981227656,0.7722336952597485,-0.23252932632985074,0.4246845397808424,-0.5028860769089516,0.4379232000243665,0.2036195547766396,1.1484995496486263,0.4352079732665417,-0.7545613273759485,0.21392663605320952,-1.2845495782678413,0.5003500922289187,-0.3736318897567844,0.32475327643803636
6.420192341452151,-6.392603122149029,1.329180035907908,1.6563700465511026,1.286596157989579,-0.7649340516832348,-0.0735809424300433,-3.8950477760313786,-0.32813959617371774,0.5277280324812832,-0.7297005988577794,-0.38686649398731077,-0.2380330646529716,-1.1464727054145907,0.2825169906686116,1.5153782657061343,1.5367112934712883,0.6803725280497254,0.380276539678252,0.31900289618268285,-0.7537212642109924,0.3795721453665481,1.695846364182309,0.07819427601279512,-1.0747024178836904,-1.9594832570097014
2.2765851545760523,2.813384560561231,-0.11290936356742565,0.9568495213864547,-4.794758389916479,1.0668238290764924,0.6147565796796131,3.369828637597748,-1.3256717104436948,0.07403673527113577,-2.0571236324113156,-0.583001321206695,0.17193527693583877,-0.03451573145018571,0.3464420840882384,-2.62395517190922,-0.22324996477866507,-1.9307720791088043,-1.1930953813201124,-1.1287486075288111,1.6763610863728313,-2.412334821450316,-0.5003107521076735,-0.704125071511283,-0.7200281703882518,-0.88605777591915
3.574348882381819,-2.6387448059948797,-1.3913082868469677,2.4677909553803583,-1.7027682813501415,-1.551282574940899,1.8798865835748368,0.7530004243488214,0.20820181472862845,-0.4509920666112445,0.7744208939503779,1.9215826938197187,-0.6808129642722217,1.3374080453471584,-0.24953946643590424,-0.2032732086825972,-1.3756888209952858,-1.1029165613044942,-0.11900699277754513,-1.3842946310363462,0.32844970077623353,0.08433344872054434,0.15806921118448286,1.7681874870873748,0.18912204196184543,0.5535981660115912
0.5615916707520713,0.7332791350924177,2.9757242238432586,-2.99631234489563,-1.3594613865342515,0.5367263744409221,0.23547028071211143,0.2047798395558679,-0.01799268853451319,0.5696437819904043,-1.0713641623272057,0.8312099395687791,-1.3650243096452823,1.0637314705002507,-0.23948146303727758,-0.4717018609348536,0.9054130497395168,0.4093512816481224,0.9526257038283594,0.9381811581882477,-1.430579335228011,-1.3308620965517615,0.3296189912721338,-0.17273636423247407,-0.1466142680228379,-0.25568707666409435
-0.4688608369488903,1.6634614194583426,3.6084052598719847,0.6753247691166744,-1.0939835767117996,1.1818825135916597,1.612031239383354,-2.0114989034487,-0.03316015705250145,-2.835200914903203,0.7239077864887644,-0.3616716771804542,1.2314598191693762,1.448137216059956,-0.4548590174047742,-0.406308393534777,-0.6997277277702945,-2.777718179301018,0.37402181261905904,0.09254450696117446,0.6554572060344623,-0.03154898848354941,-0.3537362845464162,-0.4418225464823573,0.4665177079021984,0.44556645662486255
9.350302046810464,5.416506253495627,7.065111558730548,-7.016992593161056,-3.5415629358143357,8.504735427346295,-3.955013599310433,1.9375253986068237,-1.990585107368735,1.5823849473633391,-1.110870597156032,-0.5197343012259243,2.1581924748747086,-1.7564988975948517,0.17269974433409832,3.079418767076552,-0.37813293985220725,-0.5643372224857364,0.650538902305834,-0.47179919654669916,-2.004987617373077,2.3885781569664783,-2.1308320231495803,1.4366700342216059,1.3900981499332425,0.6047127272819088
-0.25261513060785246,2.0421460131762488,1.1055573917041845,-0.3756763522068391,-2.8315270467467837,1.9061447910291962,-1.7261212103830013,2.5087591966523908,-1.9320089188508436,-1.5460089558107217,-0.4215265544496518,0.7976478650186759,0.804468294122827,2.038866106180565,-0.5647897401049485,-0.9313143295567639,0.31977050135254226,0.9167559534346493,0.751722185070639,1.8916528738374525,0.620400236321986,-0.5691128065634875,0.7619875760516615,0.6326355904393418,1.2215350500136821,1.1815580246514412
-2.484764549506544,3.339445067653345,0.11711928431003144,1.9437674099810673,-0.2648726265432458,-2.6799567939743327,-2.174754106036758,2.037188524627617,1.9819570885551319,-0.8122233647609941,-2.583380738959479,-0.6066617757126037,-1.8827737023848174,-0.2027481251644519,0.02360313550102217,-1.3076028859510778,0.5067072704607767,0.02068808774577449,0.1398261243968593,-1.3871518496713888,-1.2566605816873935,-0.08589909255350334,1.6577113360570024,0.07539754042561062,0.5859514035826551,-0.32449746998077383
8.930239030326229,-1.99555737106753,-0.8324534704891109,2.5911771535031587,-0.3925353663942154,-3.821941503730823,-2.9416243078374062,-0.5706001828620575,-1.9796306538196322,5.069097463671842,0.061590197029475886,-4.265235433776102,1.1866666187542723,-1.1979638073416077,-1.7002993595387086,-0.06919456664611294,2.8907786496082997,-1.346658133646894,0.17114110725364495,2.1752078858161994,1.1823825523252245,-1.1238292024749346,-0.2812994650368381,0.6911480976819804,2.9723596179024248,0.2573386401625556
-0.44174591860099455,-2.5720172849471394,-1.64877734185423,1.4215619786795968,-3.083458689897052,-1.15991592601818,2.032455602739851,-1.1660779373560939,-3.45200538932342,0.09221909110307161,-1.3382036238340342,-3.193710599624736,-2.7875799950626736,-2.994761370381995,-0.8720679896936927,0.03689438616075909,-0.3011557005045789,-0.6161727412832114,-0.48387747069137815,1.0115903194260898,0.13260982007623215,-1.3480002744057744,-0.7502751017082381,0.20238477303310554,-1.819676101357242,-1.3591567671935052
0.6415293440377502,0.681749955271503,0.16619485619668198,-0.18818634181252217,-3.212466748203458,3.4890399645715306,-1.0875933601450207,-4.01084896480587,0.747753252945076,-2.1407850340411243,0.28064122880547476,-0.3990894222976614,-0.5264409880603297,-0.1982063670661902,2.348376434134255,0.38696765917423603,-0.6971565997990774,-0.20728248457654255,1.0595870350927008,-0.08155613298615094,-0.6751585626372446,0.47023460780042675,-0.31753579735476956,0.05783228772497203,-0.31624060794274794,-0.35806527390220777
-1.2201225153607718,2.459082169989995,-1.9752331171055542,0.36468684121958705,4.403462769493899,4.799605902213387,1.884381997530774,0.2574280890951656,2.5875246768253977,-1.0596749750339018,-1.8013245997378384,-0.8289261328136703,0.781551837231138,0.563919640642413,-1.174873416146658,0.7752990283754759,-0.9495985361541422,-0.6293191836087099,0.7816076839405688,-0.9301206453256644,-0.6032422232974972,-1.5993478670720491,1.6942195077695499,-1.2016727485498484,1.4332470140524112,-0.24080580798550139
-3.3796712975185006,1.3838104747442133,0.7694948083454366,-0.46381940167333163,-0.21734191051966703,-1.5770872103505953,0.4414464304968659,0.8438501184638306,0.23538975395536213,1.3558775226844728,-1.2313770488778348,1.0572394942901457,0.7263952715846781,0.10614560758086321,0.16720914451695376,-0.2402001509076636,1.2232934159189617,0.4709515076608757,-0.3663060747467341,0.18528093108618696,0.8780986952909503,-0.1612909721973607,-0.35933558022627626,0.4064176140762846,0.6867279025102401,0.18557747154847715
5.3655321091938655,0.7525058246754777,-0.30466057931868,2.0992824396566463,0.45129714044791586,-1.816763723287186,-0.40877801953378706,3.8535965185644208,0.00017632633307412834,-1.5968066542241481,0.6512208208213168,0.18541596175877967,1.6985128208131066,1.352953281423347,0.08922406980801063,-1.0345658638526596,0.7819390884567825,-0.06495587137386087,-0.9691784521437854,-1.4741112746972633,0.2405389633679945,0.10494711882129536,0.22288325011327173,0.05169045470505459,0.9169068452740671,0.9436591239482086
-1.7616781170833649,-0.581867044212187,-1.6810903006932318,-0.04277882989150588,0.9287145224054038,0.9578193263106461,1.156395646701483,0.5254361162498404,-0.06884207180765649,-2.0857819567243387,0.8509560860288357,-0.9429088278729086,0.398755715982965,0.8995341979217257,0.9379423265367,0.02719485354400081,-1.0676705753660043,-0.7691613287154996,-0.4596334156248993,0.7171817263098983,-0.6561758161586113,1.0135735051192623,0.2131348653871309,-0.9747118177682471,1.0493307072933709,-0.1816645058290478
-1.411630783410455,3.3531880520430355,3.3595393222682177,1.8449267711822348,-1.1734354514196408,0.12384700912283471,-0.2540737412555762,1.457035200384976,0.641130553651194,1.2248981072981757,-0.27883576454266595,-1.4745237657104935,0.17783982302294543,0.016967383755779764,0.28943556242810475,-1.8605067364127221,1.1842366114821705,0.057917290384208515,-0.178276198779472,0.20717401014642634,1.3999099479485366,-0.3700153928782142,0.8481406347057294,0.8306177605851356,0.1009075686938408,-0.390364204700031
2.510461023334892,1.215174902424063,0.8595590990523654,0.9286605036036713,-0.9759040858455664,2.3217368060276584,-0.5066600512888033,-0.5461974788024253,2.7605344061510246,0.7496825807484808,1.6039248452504837,-2.5762328378614416,1.423347075912122,-1.3392365725202404,2.3375058763145677,-2.3565492822796963,1.213709649118507,-0.16318223748381794,0.6215074457338674,-0.12439898667825189,0.8475334137320715,0.2523551774893538,1.6923133323509856,-0.8927029544088521,-0.9872079418255558,0.8580518200259797
1.1584218567419946,0.9836727724034117,-0.2451328851974035,-0.3061216993900207,-1.3677341617075944,-0.8060162853962077,0.5772019730271336,2.3744033952093426,-0.04045842628301069,-0.9065985906314892,1.4160348183552505,-0.8150460160305731,1.3498711620062966,0.9585109612695695,-0.38573817931459964,0.1776280924779049,0.3899374169333336,0.1070560918036103,-0.2946878024257471,-0.463007183044664,1.2649330915213577,0.6356231055252828,0.7380271755308484,0.05631234954304842,0.47860975883018003,-0.2692929414359518
-0.37592218385083936,4.3864191539359645,2.3460620957527794,-0.8958742887581863,1.730428977110965,-2.5457238240477924,0.729028883314121,0.019678412650774028,-1.7289099666686782,2.0203694785095405,0.7195456431447054,-0.05451563180299375,-1.1437471996436281,-0.8936275132008564,-0.3660667526652598,-0.7545697099293681,-0.5916285558139215,1.5989714852939771,-0.49604207597221306,0.7342993301407174,-1.3660165746767987,-0.7308452609240419,-0.8094430637978033,0.6930514026814022,-0.4086309150568666,0.3559064975481822
-3.468223770349908,-0.810672684753579,0.28618036771054206,2.256171490814382,-0.053075047916873105,0.3593756291545823,0.3576629771244572,0.5905826838964032,0.0665262883535307,0.6828700433235976,-2.4902431736700077,-0.24583620619904512,-1.4309731432562929,-2.3454786735866757,-0.604274482400309,1.6454935428217696,-2.4870832028980288,-0.5478447385619645,-0.9364625765680387,-1.3068635440709355,2.236312309122985,0.7983807437382755,0.571495978372331,-0.7952766668064011,0.5103956330342477,-0.006420837082480869
6.370325549381536,-0.27080327080382527,4.594287374938696,1.973506553830535,2.2205153137638187,1.5557518420444307,-2.7999725214703592,-1.5215069794877631,1.883839877226683,0.18367923486724066,0.43755517879687417,1.2139737414192577,0.69758148055822,-0.05689021234041144,-1.4430056658537784,-2.5182532770456802,0.4918420098854704,0.6017570680614122,0.091770501232857,-0.13222603592575463,1.3594630661111349,0.5755810926955894,0.6817891192166401,-1.0361554026272384,-1.550265185718337,0.1807809541011589
3.334000626591309,0.6483041795539157,-2.637272947435415,-1.550568356289922,-2.6152432034697433,-0.6920353307689167,-1.2241626943317032,-1.263196736900658,3.117142119363814,-1.3393581852193799,1.474300052174726,1.8214246618093684,0.30352369512756794,-0.9001233710690152,-0.8842074410545793,0.936136953523546,0.9099033695394481,-0.3774395450265524,0.28586591338342415,0.07696174642299507,-0.2883245760955155,0.9551646969077453,0.8187547576756943,1.2088721872944352,-0.5550780906775066,-0.5299154386344176
-3.0736297299600737,1.4525766503898903,3.0617762031029203,-1.5917659460369393,1.571696270213072,0.04701553686405167,0.8291780919549827,-0.744586391313596,0.19533237821266958,-0.30234520906718,0.21716704328263267,-0.7063348300730496,-0.8593858979042079,-0.573634507713736,-0.11527999586630766,-2.7521680051472615,0.16002982195339796,0.7883788770576966,0.30000375634923504,-0.39302188065870486,1.1400730804344232,-0.4128706268755471,-0.7716256475693849,-0.040181627684379315,-0.187726287848636,-0.451688906018801
-7.2019483187418665,-2.5180623637330894,-0.2744367614749375,-1.3926113892768315,-0.5970982743837484,-0.0785255730960288,-1.888152323519769,-0.4327206918725808,0.17928642753889956,-0.4666786976477459,-0.5287763157935955,-0.09093148237743226,-0.4064847548095923,0.3827538415515968,0.4954218748156554,0.9987004823234394,0.9518142521749015,1.7712576295201685,0.10860081878935236,-0.1377559421299305,0.5691875496776626,0.14461715636793163,-1.6607972626068597,1.5754927229125506,-0.9667911104933757,0.8715994635050235
-1.472524237436488,4.331317471656925,-2.5248169657428856,-0.9557218948577905,4.603075158861892,-3.494743599921574,0.5549154646962904,-2.2511498714394644,1.4147679995408695,4.356965113981275,-1.129867382855153,-0.2621758000623417,0.5364626718981644,-0.266000327811116,-1.2717791381568038,0.1530867636587546,-0.8583295731967036,-0.06354171579986463,-2.4069335707385284,-0.5689710209562583,-1.099030837097244,0.46690536799259696,1.71797454492876,-0.06669411856139959,1.1660254582590834,2.657075687126689
-0.018042923830470566,-2.059325538584393,-1.0414989413596027,2.789513719885869,-4.740917452684713,-0.5810359517551341,-2.3912017531862433,-2.6824155995920864,3.544917719674317,-1.9255471234854524,0.9928255982045108,-0.22284758715054753,-1.4826787106128372,-0.42503049576466284,-0.3409254740314925,2.8112854458024956,2.05544760662144,1.7317213452748912,-0.9710486275868471,-0.7344751697038419,1.1935604809473501,-0.21445810348634278,0.5986563791251871,-0.5311199659849425,0.6608093702489756,-1.822717144493674
0.6145176710668072,0.6615070803902263,-2.7363113542487216,-0.09463254822407662,0.10807832663253562,0.1499418155145624,0.6992052574775061,0.8820132304933996,-3.1688177877112027,1.5466926496092115,-1.812347039653334,-0.04273538935919438,-1.3377690400696007,1.5386776276679632,-0.41847502807659737,1.0052237271420097,-0.19781262475910055,-0.14081692444786895,-0.08081844546377058,-1.3091803139623028,-0.6034658702551365,1.0072051086093443,0.012664593800815312,0.636469640154605,-0.47501180392654235,0.05311935285909697
5.037327200107008,-6.001157756102623,1.4056285326142413,2.951327576120469,-0.8732899247588642,-0.039395379614173866,-3.396300558882165,-1.680416756193625,0.5893282531087589,-2.980484222946953,-1.1105612030895682,-0.45938183311775704,0.2801752697609922,2.1722606237092914,-1.9977931440724472,0.3733968603992989,-0.6105492886869607,0.6928216757328758,0.7150502049883173,-2.4108834814862536,-1.0527439389390205,0.3115653083410685,-0.8904775936126006,0.0956498608419729,0.06813136854155716,-1.5517188189823885
0.6445427083478849,-1.5530055972416388,-3.3908928355311603,-4.514129094212361,-0.7913585311030243,-1.826772828427025,0.6611347524282583,1.7623025587958154,2.172989794995652,0.0739588889167908,-0.17142865872732693,0.47833198093294926,-1.5990026181503105,-0.6208856221126974,-1.1369520598290945,0.7556064438752076,0.16330122616403053,0.5455931382498951,-0.17331267703664785,0.15464503844991925,-0.4095144309002185,0.3289437186773357,-0.6220984483499818,0.8973326670184559,0.15186908215345823,0.502890633237006
3.516195749079482,-4.372605442366952,1.2126316344117796,3.538426618293991,-0.5020591172463772,-0.32208765203966916,-2.690916490787687,-0.7481092838583601,-1.0911388103926143,-1.4161931363577573,-2.0393697941824813,-0.746442381633126,1.798454317732503,1.472446471422927,2.0745254013361394,-1.4254405089764026,0.9136204081688023,-0.5254655175219147,-2.0487218775704163,1.7351408765498801,-0.5576811657924385,-0.07385554457635482,-0.9192061389210366,1.306931247855375,-0.7974840393688236,-0.2167220199813775
-0.9362170390851708,0.5670416815567696,0.49905017929377427,2.372821597284738,0.23279071807771246,0.12796993474566207,1.7519841151672373,3.650053429912162,0.4715117394161018,1.4500606586545584,-0.11042644278927552,-2.282254735253613,-1.3126856740745394,0.5286651913450556,-0.13852557593803688,1.881111428368711,-0.17151388131363465,2.0948268296592567,1.2653243602882138,0.555761303648775,1.4210956759021807,-0.08118929605438657,-0.4423687780678527,-0.3926683676010302,0.08791269679582861,0.11035981415542839
2.131210777831317,1.9516902546451977,0.9145827281872957,-2.6527990534622967,0.42707044183157844,2.9273067801161465,1.4513973611220519,-2.265507083980433,-1.5438894435987407,2.151508779472285,0.8376403986073073,-1.4096769988524416,0.050115436835653615,-2.2352846879223205,0.3187078308481789,0.44447299853539385,-0.6747960467447821,0.2725173124782794,-0.6941929742267723,-0.7146333785052926,0.5156173026019494,-0.029681165484982005,1.5241157048010463,-0.9442366970328343,-0.8997006281786732,-0.5099742194866516
4.50644407866684,-3.266867998942243,2.0777188218182516,-0.9196085589715743,3.0106810916238036,-0.9120732781141682,-1.5990500917240444,-1.2572102965994336,0.9028501555856236,1.0341617852284177,-0.794118268169925,0.09797887798932875,-1.1130945236131848,0.7179542912940847,0.8361768533927112,-0.22396311126976134,0.4546421220836019,-0.8988434359535317,0.13261438485137803,0.5606534607717762,0.6766742114338016,0.12005671605034932,-0.06282000591940647,-1.060339878697366,0.1386281439287239,0.2222355715146454
-5.503436045394545,-5.834207011908822,-2.7920316200119903,-4.5221494289163315,1.0583469367880132,-0.4293938893391275,-4.054309662212517,2.6157873697114913,0.6144076068477767,2.5519457456448325,2.808176934538918,-2.9356328194245807,1.6745624413471605,0.27226606701180267,-2.017865201759812,2.12439346887441,-0.5610188354084459,-0.4465250126276884,-0.9878609778578241,-0.8724241666418969,-0.3892347007827142,-0.7678659637094327,-1.3082382878050316,0.7640249501610084,-0.09272839532087894,0.14942217288418286
-1.1428088643489824,4.270123705975295,-4.78596986721643,-4.529614702145983,1.9368484432137512,0.7728086139974165,-2.1380386004922878,-2.0683364011439562,-1.2376649081018747,0.6732402137183229,1.2544277411375158,1.327017053105887,-0.8270945223225225,1.2714263284507774,3.305335254997015,0.26985526502534285,-1.7206777346004696,-0.22248887657517874,-1.2540916691471922,-0.28825409513222716,-2.324801344490713,-0.7955833453882738,0.6949579346228837,-0.04431199949434419,-0.6621886319127155,-1.4497124953765697
0.608762539293118,-0.41744672068419275,-6.143332872236105,-2.813274661504958,-1.359416712700141,1.6666475744888043,-0.3366412392039041,-0.9007485442282455,-2.0261528381693217,-2.9538902268388765,0.4183496901928998,-0.36007580276546536,-0.9026730713892054,-0.4559460366671051,-0.6858496693120059,0.5139733009320571,-1.6138101239239786,-0.8420434164811622,-0.5435219184065954,0.6315508956392643,-0.35420635359189634,0.1987079510631418,0.044353886985239614,-1.1237411243290305,1.5438274522446203,-0.0668256587764134
-3.5579051231085206,4.970910941000741,-0.8149640702074533,1.0182585380116977,-0.9499646590800055,-1.6385952817377947,-4.7980704018626,-3.7905619007337643,-1.1623817996612589,1.3665157466662092,1.2105002528343614,2.564152723224179,1.853929537837955,0.5506223513604808,2.415912514214466,-0.19922229215942228,0.9729313377078708,-3.0863746604562374,-0.03586567522251031,0.799085666416469,0.33626020664999123,-1.271065691558649,0.502631740414547,-1.3291057361028615,-0.5838927613257124,0.7954234030866852
-6.799602301221258,1.0631803857902686,5.617791346574652,-0.5104824201619772,-5.744504314593132,0.16491569110411325,-3.560942730645866,-3.50809180430951,-1.882693308840638,-1.2418077020518192,-6.498256217082004,2.0394335962952272,2.7047556101375103,-2.358793620242339,1.4175820516300937,1.1566970535401384,4.133616961300936,3.101875802674391,-0.8835522737946461,0.4324820559797894,-1.0997756024665737,0.4121233932186372,0.5905629521258239,-1.197399052677449,-0.015658505382240624,0.9524850177188606
-2.9268250661978246,-1.6231275394595508,-10.865688907167042,0.2211789161572643,4.562427471246154,7.253094050347846,-1.0183761512068217,-2.420323700046163,-4.074934139942246,2.680745315293671,-0.4222033198219671,2.9081567288214534,-0.5679058443393031,-0.16175567432361862,-3.485364997177712,-2.477243623006747,3.7727847141575808,-0.8024787346757751,2.9501954227844593,-1.046540610387127,0.13808003182152434,-0.23783961307015933,0.28747717825173663,0.9833213401172697,1.0252558260834315,-0.5472985286915523
-2.4974525899800164,-0.5880214435781083,-3.9313967634281366,2.153562221267355,-2.553213755927753,-1.787322933332395,-1.7835942951303492,1.8590992684730185,-0.0700056430824236,-0.024060546837705213,0.295600090222482,-1.1814120822310663,0.055211415542682225,-1.4443415170879812,0.3480517778467734,-0.03686446848148819,0.8330166118879989,-0.49987686935490233,-1.1693429096012158,-0.502706380956784,1.0929615951267553,1.4267885176814783,-0.08982221809701992,-0.17406491079895556,0.04265948168520165,-0.31107497937212375
-2.4023693273355424,-0.6429607235171274,-2.389446670982468,1.2473925471814993,-2.2511897302440764,-2.0638251804717753,-1.8891892426492218,-0.7084002344279495,-1.269153975809714,1.8172802892466189,0.9593848268699897,0.2151139748247217,0.5539075220709614,1.9399545330495074,0.8911610819216357,-0.5019316197559054,-1.1416604073864567,-0.49413619573858464,0.46309164426105237,-0.414770955261967,-0.46023899167958204,2.6059746827456975,1.02887670047466,1.069030737961712,0.9096534868105496,0.7882352876609154
1.1164287133813886,2.7599429662471597,1.955669058708659,2.1056984446313,-0.16653689956747084,0.3736162724135552,1.6051269144138243,-1.0128681853233334,2.334878953673126,0.6073433311451453,-0.8524940892150638,-2.534600391401748,-0.18578962609302477,1.2423990788033554,-1.3593503660705764,-1.894883225482505,1.6257983347068976,-0.10275260420603498,-0.48700894094081587,-0.7051945568807028,0.4443962029506334,1.5879655928728966,0.27862443286403965,1.6184670655850082,-1.0393240903157341,-0.39335754570062625
-1.7955940972838036,-0.7620285405930509,3.534009697268059,-0.8152781642131052,-0.320521413957183,-0.3249782372471124,1.0288551935757835,0.4771753783774987,-0.5517148347367498,-1.676688519832462,0.27005277113253956,-0.31709066010375186,0.023018080051509206,0.7160603981424335,-0.02091176577985784,0.400532534926601,0.07745998667612176,-0.037463853031841084,1.293628757020023,-1.1437401369408362,1.2981711936491234,1.001906562789092,0.15375601152152446,1.4391869477240558,0.0893223350438256,0.062411048458435384
1.6155762127392599,-3.7673528787310526,-1.2733336384794918,2.655929167947084,-1.555815787562568,-0.9139704814487244,-0.17130327989644206,1.5140082816407094,0.7052005195525216,1.4425863584139944,-2.8846061521869606,1.3456495716895471,0.13364234110112186,0.5424488613742765,0.9167664232667885,0.46279228664164274,-0.24128611716887924,1.6368477335121085,-0.18686036840104298,-0.16978691038578372,-0.6505790590876601,-1.6004949545618272,0.169772191964887,-0.03337255415982948,0.07697873718151471,-0.134252063421485
-1.9380101469030497,0.006621683967823313,-2.813779905361385,0.6366674234356029,-0.03193811560737246,-3.1225331051734635,-2.628513505381336,-1.6865181426600755,-0.5547790828205237,0.27873952077967074,0.36639199861366184,2.441093839685198,1.8223707062904277,-0.018036232524165002,2.169177587754157,1.8716075760319208,0.7271884924348619,0.5389641161829869,0.41266165324821036,-0.39940149173049516,0.37674520540310075,-0.07466577026453976,0.8093185319914175,-0.1507489408082251,-0.8991684620119854,-0.7226592629714252
5.679977848020029,-2.855262011166841,1.6427774029605382,2.678237629603938,2.2628872978503924,-0.8646310491617047,-0.1615083825598841,-0.723302275784458,-1.1459183510798323,-0.7295989743336591,-0.5660612775527104,1.1630458667844976,3.445943236231546,0.11929505879670706,-0.7798207172162378,-0.06761336488331621,-0.12344045957907132,-0.588745659082885,-0.8888488333145468,-0.4720901992824592,0.7174848908627418,0.1333501951080682,0.5810278446316153,0.08406665386257874,1.9873714033200787,-0.346965639819164
3.402178363882578,-0.15427060103311502,1.5281237511241899,2.0409985191174007,0.5216801948576774,-1.1954766667308299,1.5858183659824379,2.2790971703230545,-2.5632679550337745,-0.34692927186671213,2.133808646712308,1.9094125844623608,-1.0320010460700262,-3.3019965192549736,-0.6371393571526541,-0.16039111478495274,-0.48134583201234576,0.3807776741923332,-0.28612041077151,2.0083122580468156,0.787520611920216,0.6428001742170281,0.2789633132129103,-0.33546170653452806,-0.2772762885536035,1.282332163903639
4.311993112254063,-5.155806298194011,-4.598281955115481,1.9339608665801915,-0.7197228057493019,1.817446464285156,-2.5147229499839567,-1.3430701559793294,3.0468051475590996,0.8764795397124342,-1.768623217227369,1.083086214547604,-2.6418209491151083,-0.5263699456924672,0.5271191337683786,2.112094505376987,-0.2364261090839715,-0.5282641364215701,0.3357568397536436,-0.42286803910153115,1.107878460313922,-0.6464968986075481,-1.841342128636041,0.9409380181118694,0.6835092961264153,0.30773127680505097
1.3127344566772436,0.72366526073741,-1.4769186387338358,3.2330623872095017,-1.0316821180669342,0.6496461222997608,3.617747768881079,3.41524107682849,-1.8110058239896611,-3.8454002008768624,0.6295495370963323,-0.967839415576442,1.9001253295672333,0.8219006538901751,0.9972704239708136,-0.06632787385460587,0.01371832235437288,-0.42046207900788574,-1.0555352268571014,-0.9409523166666163,0.9043588558143573,0.9790014221655517,1.989814686025331,0.737147530422595,-0.5991281006839376,-0.33590288402192414
-3.4538926864457453,-1.1589441688751208,-2.0873616712403202,2.9076556082928597,2.576852837428251,-2.167584868645647,1.3743812615150335,-0.8452378442554038,-2.0971611757837034,-1.5991976939053751,-1.134869794600567,-1.2864548445596053,1.2371692092401285,1.553708552130047,0.6207583265005151,0.4887239598542681,0.13747491601443013,1.70571069421659,0.9545842296959811,0.40263316119353854,-0.13436071755379142,-0.8937401170694198,-0.5479151603934977,1.4986665013673064,0.3159932810927175,0.17742957590775826
1.4124660136083163,-1.0239090762792102,-0.8411536249730893,-6.133608750553415,-0.1329175186507657,1.7898914029065711,1.5955507883487314,1.0044492190224865,-1.699708370889357,-2.4339754111146226,-0.3512005456401233,-0.49425184789569687,0.347878526823869,0.41102337937508415,-0.19666196695777213,-0.3132981468352086,0.8503385939918275,-0.15356065382933573,0.6101195153980107,1.0488890243506215,-0.8896715863764201,-1.336321729525993,-0.1955989872131496,-0.8445825312284835,0.4025832796477651,0.08701836809614491
-0.8359966280246389,2.5500695681987455,-1.2453146950756302,1.0424158298134463,0.456275526708418,0.11850291585987263,-0.13888060896015733,1.579815248248405,0.3848405627505936,-0.7748589131511844,0.5551718110624053,-0.08653581677751529,1.972305625566715,0.7885992325846545,-0.39373667381139893,-1.3525258164580893,-0.553220082655197,0.8160030377000489,-0.9446799346955375,-0.16890884145717364,0.6202185638556171,-0.22467122661417954,-1.3951106103496753,-0.4478171964830552,1.1751899954351253,0.3713644269778496
5.350636495453423,-1.6785619429667615,2.8721408956112877,1.289993572896741,2.720729195508608,0.35073239695551545,0.33889209155290895,0.6793267092784319,-2.3506586014888016,-2.147195330123947,-0.09021212370917568,1.1932703997387344,-1.233661092530315,1.5328309079859979,0.5552157801050615,0.8727510331487425,0.4759390665806782,-1.2958323919410002,0.31889812558869224,1.4376348996295185,0.6768534564172438,0.1328335877321456,0.47499384491294566,-0.6798122577328638,-0.7590551501410557,0.2692679523754591
1.9733227251668293,-4.788660326608232,1.199046160070448,0.7202539779141189,3.047594770759872,-0.5765174090389187,0.22392351535265076,0.823738677098739,0.40984265229288636,-0.21382674481836492,-1.427548033853643,-0.25467766234909667,0.10543061923182345,-0.1081867692480049,2.1199800593918585,-0.41443786252317905,1.434908923443663,-0.18538789343906958,-0.5450197441787964,0.7337275144383688,-0.8039288269582961,-0.20305828668702278,-0.3781714210878889,1.1288965398590807,0.8127336523843364,-0.3287040014584103
4.945342989872211,-3.827739708113747,-0.8209039808473996,0.8485615171252104,1.68321521477103,-1.9435281039207848,-0.7166480123870992,-2.8758668733303487,-1.8107167934455841,-2.060821498125385,0.10471233344430937,0.9990000923140158,0.9944428465046143,-1.306897861694487,-0.4338315566382249,0.16563184227435185,-1.111301955080366,0.7900739072587077,-0.2532690321771907,-0.7306920072420893,0.7267987918755581,0.3098536327758038,-0.8351287444780409,-0.044990560747012985,0.8027378034842986,-0.5148676668564102
-4.791405389091211,-6.959792840894682,-0.7895207805974297,-2.2108364655318313,1.1416026831014277,1.340572037690841,1.6087444214738384,1.7454415666842609,0.22492587971536776,-0.4814201366856567,0.690276250655032,-3.76314512840843,3.39472235786217,-1.7989215690034976,-2.839137619622578,1.5156068599875725,-2.155030437602073,-1.315184494510177,-0.5436153960652577,0.3987452267238344,-1.0498844967413654,-2.3014890624446003,1.0506515680187887,0.45716889961686985,-0.9375630453204862,0.49179114932840723
3.4028059998149,-1.9896174641965156,3.230997046342261,0.7326123498500339,-2.017116970193288,4.106485677409109,-1.9867404917194813,1.828450285279351,-0.38944956245107504,0.1523440573071658,-1.042257378866237,1.9218027408194531,-1.604831788550309,-1.4865037808523016,-0.11309224383871144,-0.9036287874637082,-0.7610339596745139,-0.86594777435156,-2.0853128058763484,1.0824352101937653,0.6156767957161932,1.2501821135692837,0.18337181081535972,0.33215698001206323,0.21157955909525542,-1.6388601083841572
-6.050481288330558,-3.2878136027456057,0.6283193698246095,-0.1833412548588232,-1.8952590557677593,-3.5547311119078047,-0.5082321017604089,0.5507076977862992,-0.4033324801414539,0.3614823600379706,-2.0713827783349923,1.8349388366686696,-0.3222186182089936,0.40856841144899186,-0.8782563391664588,-0.8483283997614259,0.19106502512163778,-1.2058865415130966,-0.04159140070217301,-1.2409184136824365,-1.3360465365784853,-0.5115490561134355,-0.2762501727611154,0.1395519130897348,0.6343277821200577,0.18133171289063096
-0.6104712223043248,0.6054136052898828,-4.115807451578708,-0.13854726414696739,-0.15748624343922846,2.3713323084211813,4.670391147470477,-0.9410431785163771,0.5881085441244803,-1.0276159810362921,-0.8814761556007195,-2.080821521681709,0.022992838487537366,-0.6635811606758758,0.502333868836834,0.14640300711538592,0.5191733051758863,2.2405168383236838,-0.626648378894549,1.3851674516444668,-1.2590285113752937,-0.4474760589018837,-0.0898252978604263,0.45102178383154484,-0.18976671701845013,1.8200989864987243
-2.8674270909666113,-1.9951055512217686,1.3320737092407668,2.567339094797346,-0.5468972962588587,-0.6458744822434419,1.2312336693548511,-1.1911669619112744,-2.6863957348041927,-0.6820231046696247,0.8075188043573673,-2.4965094030475945,-0.8513260227679486,1.5023326401524526,1.5767898106162417,0.34054700839523566,0.12455613872170379,0.6493551791984792,0.20915268458585667,-2.6198430430012962,-0.5394410285685305,0.6637530930420859,0.12462243223849752,-0.5406869368066693,0.25468019676092063,-0.008922240644420444
-0.31358965579471504,1.95055477096443,-3.6051043572173365,-0.20887183860549277,2.0177064928349044,0.14736352594149393,-3.495930455432444,-1.6017141197135227,2.6938745111283047,-1.369010041164153,-0.06599476363934335,-1.6085550201673984,0.5117589056881805,-1.6314167035252771,0.6456447148849292,0.5094431262894867,0.24824958869937624,-0.1229468934590386,-0.7145664254701201,-2.3496951041407406,-0.6006511674525383,0.0047878858130281435,-0.7366639747557688,0.019200516233287928,0.5245905096950477,0.4467086509660517
0.9416479171767378,-2.241402460100616,-0.103921151324633,-8.389809717353293,-3.8622306035698584,-3.7227160452199763,3.6597311454060857,2.7211383709364085,1.8543882151045759,1.5490879950865122,-1.4131623388019152,0.06791661356645406,-1.0295730033195452,-0.5362998063932269,0.21775515445767404,-0.09690203282244039,0.8338666284219184,2.4433040463092843,-2.0878682623609426,-0.3903392578801018,-0.7127842698119216,0.7719477741047568,0.6763845804539421,1.611974654685625,0.8863575234372002,0.26219460322142196
-2.3402672505936706,-1.1956153235590545,0.4029326772511078,-1.8413434201533936,-0.6795619844483578,4.272325223020929,0.7945232261176535,0.3696332573037167,0.7285560013993586,0.4766746763504183,0.0758974957146288,-0.8370937530239777,0.5198650942663106,-1.0275868453355037,1.0245886687299113,-0.21335122145488805,-0.831350033768725,-0.2252176557867123,-0.8017422915413153,0.9634905944792446,0.23831235553778715,1.6505226456913247,-1.5858700428189585,-0.3890522376580767,-0.0545491652114665,0.23819867498723793
6.801897813936278,-4.550296903119786,-0.1815776139886685,2.1793958608111836,1.0617590815906743,-0.08555568419812849,-0.958888881999278,-0.08295659241913411,3.3298035517890034,-0.21624464938509838,-0.6027163852409035,-0.4967839665859456,-1.6920079054949804,1.6524767420704285,0.14832722792965156,-0.004295862428648079,1.2754427993555086,0.1392094413338032,0.8117929799744291,-0.2855800692157613,-0.35199446749760854,-0.6826096085469578,0.15181010358781757,-0.09343173621605143,-0.3368357481098991,-0.009403474677547359
-4.672315552708247,-5.856171494785412,1.5562672061139606,4.7796447679696925,0.9078641996315183,1.5093503249842306,-5.968785194691606,-2.14156067225459,-3.670524786044226,0.6506770540154126,3.272870063434464,1.553494800714493,-0.7966883953949465,-0.48586392030984277,-0.4967878572571551,-4.439230033417396,-4.664487636975867,3.771158536691109,-1.5784360125221144,0.570284459847272,-2.277312972563703,0.4074083647525076,0.03402725836391203,-1.027552948269204,2.2409621364793106,-1.6422005725717028
-1.0827372455136384,-6.5511793216887355,-0.35414569479095614,-0.2771060516605464,1.373671817382116,-1.2116990654155309,0.045461742784202716,2.0421178428080937,-0.7384271737359592,-0.8722373024099315,-2.02702713300313,2.1339010754521825,1.0601112886450166,1.2173159147756332,2.3914237958991515,-0.5873777828847362,0.676892123180467,-0.7638469354262672,-1.2240185271431252,-0.26464519477695425,0.2999114304034632,-0.855615147237025,0.08628280444852941,0.5393162989180069,0.3270352108426728,1.1581444434059625
-1.6189604003464344,2.5635819222871232,1.1453858655804876,0.8980099194536589,-0.5185321986181693,-1.642605122020377,-1.3352550745089349,-0.5149783217568479,-0.3734966811034105,0.5498738687643643,-1.6280344052046518,-0.5200035240279773,0.28828680629490583,0.2816167245278914,-0.29834084688163587,0.5826023328017084,1.2398906703516723,-1.1826476118963278,1.8333829616461708,-0.3982072707351669,-1.1947049582604123,0.9986611664770014,-0.15288872826809566,0.26393591452899834,-0.002724290595285803,1.40174172097841
2.0984434359334,2.2038020304481307,-0.3657916707019687,0.5808268432935499,-2.144341482645669,-1.6770080520890995,1.354132850346166,0.382261623080622,0.0030767320198201364,0.9234389751698027,-0.26285120316468613,-0.6569730001390055,-0.6736085071801327,1.9229483177233104,-1.9284783939612955,-0.8883941459114879,-0.853738247979431,1.2254186505114717,1.428070356851822,0.560104331654926,-0.8412348145319967,0.4340129715215156,-1.8906543343164326,-1.9871745630358613,-0.5095126690128483,0.3492099735422571
4.722577439922999,-3.9819647032210064,0.991322335709817,-0.5955239189346857,4.190953131989526,0.01410331432195301,0.6523427290476173,0.26481870056646384,1.8463746169672868,2.2105391474359313,-1.2738141479064107,0.33769619387742916,-0.48323359173919417,0.4482525800274488,0.8868498862974024,-1.4936022690741577,0.2743171657515406,0.044024717716077216,0.2648773149768491,0.1934682035230314,-0.036209154078674366,-0.3882487479862316,0.22257451189887806,-0.23396141200021203,0.1268895978435126,0.3773214740543086
3.8048544886812845,-4.1007357992763405,2.103301894297416,2.2624471712080876,2.526781680286694,2.1911840393508624,-2.618621233660785,0.7347238389459081,1.9424629349761504,1.98721486540512,-0.06938779055962628,-0.4608894143312595,1.1026204201999454,-0.12018424966167493,1.6512539937805153,-0.8017760117487224,-0.533322110863688,-0.32335481407970706,0.9588445582754722,0.2108053229648638,0.4480220057364706,0.5398921007030012,-0.7592457021415826,-0.24307933180227417,-0.8460928999412198,2.5096198920805737
-0.932052028692893,4.027402107858117,7.547500230619041,-1.1603716210876436,2.9753083611230475,2.581765773706729,2.235747096480623,-2.4033263649523144,-0.5870073568630984,2.0831223082407093,0.6504546900948344,1.3107188947926582,-0.21844271656671674,-0.22044358369483824,0.06830577103814299,0.6486538145578675,-0.4754178956603446,-0.851900514648094,-0.45783855693099956,-0.42407689064673004,-1.681536023434478,-0.2872659436257478,2.01618452707449,1.8004806884441864,0.2315987257108031,0.18933698538173024
-0.8945981693027149,3.4527022380636665,1.2501645557928522,-0.25060830745465157,0.27183054134074086,1.46875304639068,-0.321150924781223,-1.5683004301725503,2.95703112480342,0.698174279846139,-0.22260899907779724,0.01903800107069449,-0.8824007648446343,-0.25522926700048176,0.2705520207648427,-0.22031532876306348,-0.28722314290640294,-0.8081185860070567,-1.636082087876201,0.9371864970332343,1.968008494805151,-0.49632836617309295,0.5921527149736201,-0.18224626884225772,0.7930831840594439,0.33547198317567345
-0.8188095417869767,4.777874776523931,0.7887631131589707,2.5696710577977524,0.18987331732769075,-2.324347973268399,-2.339844366289408,-0.9474057886944787,-0.22032562222925123,-0.581811757019024,-0.20764978569199063,-1.4638522890932344,-1.5879849910654815,-1.1922555976494464,-0.8493097834997837,-0.926247429708907,0.658638004659209,1.1785084491004258,-0.04230556045936029,0.6754928974020143,0.39427623801793377,-0.5967090161843224,-0.2169509496012367,0.7107385117908723,-1.5622023468205823,-0.046572828570571295
2.138579872217878,0.6506506150725065,-3.357887054207726,-2.776199707185683,-0.28933597920394233,0.7761839783443647,-0.07713423508896183,1.982912420709615,1.268491968188402,0.30311241610913936,1.0520052484914477,-0.42883305443801467,0.19458636653111117,1.5189851955915676,-0.1401879567807745,0.266092626782006,-0.19462241461609744,1.1252558028900608,1.2454197458037417,0.8402108773096731,-0.8444857312202879,0.7179787523852637,0.09364160998599848,-2.110966388509281,0.01708666287291466,0.9254678743172514
-3.0232304487073822,-1.594082150675585,2.679187513364881,0.47665406520309694,-4.488977511098297,3.4900961840334292,3.042941042231876,-1.5164492025174405,-0.07546855002873896,-1.086530003521862,-0.48956654185818604,0.2857274060958186,-1.065881031893912,2.4711169750057946,0.26541178549556194,1.3770805221380944,0.8699619161542084,0.10813857209555555,-1.9760621180673081,0.7228796876941618,-1.1170900532767079,0.7939104944303325,1.1124350373711505,0.4827675551170833,0.47291801805112604,-0.39405899528713145
0.565784981810356,0.7814161423172938,-3.272846885317166,-2.031286717287675,-1.8790877109314916,0.45621604974786323,-0.9470154571285779,0.10228079303645358,1.0227669993328765,-1.9684301961503763,-0.5179482274971945,1.0197023722715086,0.3553800963005166,-1.0703235993418123,-2.2177734758000787,-0.45936027866990004,0.301938823598626,-0.8626283434836451,-1.259184941592423,1.9982503925953234,-1.001548769159168,-1.1901579617415736,0.5303348119455279,0.3588953675559588,0.40790014051057016,0.20254471986800096
1.4520774738993283,3.3855802704095095,-0.9286620532802016,0.25801744498104673,-2.3790602325695094,-2.7016283040414337,1.3209646658622993,-2.5622193968055957,0.9023687229284528,1.295168335047985,0.6906098713118692,-1.7317030102220508,0.7895953235094706,0.9514830146782915,-0.8406969272527729,0.18735722450208037,-1.256107892710479,0.5659192404012309,-0.7111208481354961,-0.6257387105586787,-0.024506243106129297,-0.8868191228701635,0.7744783873155143,1.3839295473413604,0.2952297417741851,0.14371429157067286
4.763815068913229,4.38153528904477,-2.7744815952220736,-0.23866986975469298,-0.8772947179063124,1.9494717717834331,0.014304490228846799,0.11210509630065056,-0.04488148508443887,1.2443259141707528,0.8864697085200222,-1.2920756489807006,-0.06142895253799097,-0.5480746820397587,1.174174202706939,0.25486217819881934,0.512410336336372,-0.38712234417358415,-0.8035987297767364,-0.296237497305921,-0.4094485366014754,-0.08134088576910385,-0.03753846272341099,-0.5692147639501467,-0.7160172962498186,-1.0039371308978786
