feature,PC1,PC2,PC3,PC4,PC5,PC6,PC7,PC8,PC9,PC10,PC11,PC12,PC13,PC14,PC15,PC16,PC17,PC18,PC19,PC20,PC21,PC22,PC23,PC24,PC25,PC26
rounds_played_CT,0.06430391991620073,0.1593125937597232,-0.01262543287406448,0.2123927889087691,-0.0014048488848674213,0.020837944174987813,0.010829169283710896,0.0011342344254248826,-0.03760170857530473,-0.1162444350878535,0.006441893742811294,0.05588313023346395,-0.002389688697063438,0.11736345454715172,0.09364295663881937,0.07292315608639638,-0.046813281536315594,-0.1449682716210206,0.04547391662029853,0.02567657917412696,-0.14276320288812885,0.05618234043186854,-0.16687172306879805,0.03407544856634602,0.04357614158960596,0.23854275518268503
rounds_played_T,0.06494458014057536,0.13159386095278558,-0.04947261338957295,0.1444757474505881,-0.015059179030012327,-0.03839032049006522,0.02756856054335046,-0.1271634665782954,-0.16265515807125724,0.027935753147647832,-0.07336044967008286,-0.11888695167936614,0.04400554501991157,0.11292580323730592,0.22684547786693363,-0.11537975044831375,0.008766790289033887,-0.044315053100162954,-0.0656505445048771,0.03845386837860216,0.09204765260327724,0.11635110149645174,0.11142780950072673,0.08148734461447486,-0.2362668280513381,0.13200048362970318
first_kill_rate_CT,0.07182260671305452,-0.052144007855936564,0.2835607848695289,-0.025469489004675383,-0.04804215547716749,0.1331076251755356,-0.01718470514115037,-0.08591903918094697,-0.018304187411801884,-0.10196784194827346,0.08365685981497946,-0.04292959306319254,0.01576802174521283,0.10240927847363678,0.026266897448380122,-0.006834703192184488,0.14104465406797817,-0.02760065578989604,0.029441062609208857,-0.024767742604342807,-0.00019110972729255438,0.004166767127913876,-0.08756350991811705,-0.06970636690462502,-0.06820465866819576,-0.08194122122648002
first_kill_rate_T,-0.0434965916965564,0.16243757069828263,0.12314779915283731,-0.05652202922288185,0.26093355471323426,-0.07622666693743603,-0.0024462661496084843,-0.1409229374126715,0.016489262376085126,0.10799858130569567,0.004041087783198697,0.03714514270315111,0.0634534106820972,0.02807646350037757,-0.012256832301490411,0.0675441799978223,0.0633068394062365,0.042181872389804115,0.04487545399675878,-0.08953161735776433,-0.07747749511997878,-0.06658514591156647,0.026320303781991683,0.028246903583639807,-0.052234327147929194,-0.06668285844399971
first_death_rate_CT,-0.09728155484401191,-0.028515570587500094,0.06042291689226101,0.13437547816068807,0.017534117687342865,0.08456073067629706,0.22293388950497056,-0.1349460215018329,0.055028426025567075,0.05901135553026604,-0.13109301105516546,-0.14513411067659124,0.10960109041551021,-0.2378056933245132,-0.012644754370752027,-0.03361472874030315,-0.1649891574927247,-0.23070203736606884,-0.07598039969402481,0.012521550012277415,0.0006220773507703836,-0.02491681776783477,0.047642899756482976,0.00639176282199903,0.10042749312232824,0.047624889662356173
first_death_rate_T,-0.1817092266347711,0.10250341351154207,0.03795770001983367,0.05506033662624116,-0.0033337975518780236,-0.05839921958174721,-0.19434819168288875,-0.05618101635110379,0.09463980101500338,-0.10492074505627413,0.01022166343733525,0.026366566438330657,-0.10498150773312953,-0.07321007877936031,0.12100498372266458,-0.17098109985970222,-0.1577344810380055,0.03660790669178661,-0.06254352450628606,0.1042351032581546,-0.005604644768656408,-0.016269897211939284,0.02919770177638878,-0.07176685907178518,0.0785183198376821,-0.0773201207217058
entry_attempt_rate_CT,-0.00603469510279488,-0.059663406619705775,0.2633120868701784,0.06665931146160145,-0.026671797346393435,0.1599050622998977,0.13041925789686812,-0.15512966549186016,0.021069851730894318,-0.042530290275348825,-0.01851609797823945,-0.127708860355664,0.08327194743406649,-0.07261854099211901,0.012607287587037441,-0.027120369944707207,0.004977970198651191,-0.17085993803714714,-0.025795841223555334,-0.011501131865032807,0.0002506943859956756,-0.012800155396741557,-0.03848112988979612,-0.05100468230976959,0.010928500339141774,-0.034045863471275715
entry_attempt_rate_T,-0.159905799206485,0.16190264149248126,0.09270713892294546,0.012213451497379745,0.13314814395004118,-0.08375608492701947,-0.14811191918032254,-0.11571760482525527,0.08007847761887074,-0.023121381727651824,0.00982407127583557,0.03923414206255327,-0.046327630200482056,-0.040716196158436996,0.08505278961296023,-0.09406679867837933,-0.08626141578115151,0.049590743575679,-0.023922779660579818,0.03220485970225939,-0.04451741618674224,-0.046912310358887835,0.035745059251335504,-0.039537152803740594,0.03216646371207524,-0.09308969123407468
entry_success_rate_CT,0.08674790698597895,0.0018984588631221627,0.20875814348741706,-0.006465420459399275,-0.042988266420764545,0.06782404576234734,-0.16056915269917563,0.04984198788146508,-0.03375774438742393,-0.18869984101220819,0.15913678818402938,0.048455269368349874,-0.11190587765236217,0.20550812395292356,0.10819002585762397,0.10511721685514513,0.13516305650255642,0.08976308177676331,0.1330282117196538,0.09996737111653688,-0.004678316118474801,-0.13605009497752027,-0.012575625143038394,0.027642487238023213,-0.06081230801162858,-0.012124862609811882
entry_success_rate_T,0.0683523080928651,0.1021172859137323,0.0814284464157139,-0.05085880480585946,0.2395848386349136,-0.04882446419367242,0.016225975632748996,-0.12141543005627406,-0.10103607229081267,0.23923176013323033,-0.03464698529546738,-0.05507268156004744,0.10257740539527632,0.09484224232164909,-0.11469038409096335,0.15087416992775016,0.06995586708661336,0.017736960621825948,0.1456810158050402,-0.11694480899558082,-0.015072163404169725,-0.02644181676686924,0.11892228729318291,0.015321219075526131,-0.0312235883546974,0.029084401472440957
late_round_kill_rate_CT,0.09157441506332949,0.0695515565865059,0.18513326307496067,-0.09958592661605895,-0.08216133141561258,0.02860387727316943,-0.15587802101601295,0.12059352991811473,-0.07361435022109158,0.04556703548838148,0.0531189094490271,-0.01504115971268949,0.005956530920735412,-0.16602617073604603,-0.009759669010130423,-0.08525055606894179,-0.17357948446530647,0.06407204771003894,-0.08161062978567711,-0.1229017798463733,0.02225935731662801,0.15834126673139928,0.16215285182377953,0.09849036191661494,0.021004819741190124,0.1316386590849535
late_round_kill_rate_T,0.16061521100337153,0.09090049588068322,0.049239532420425995,-0.09124295422834375,0.11670225008155477,0.12361338975660462,0.09111736834995204,0.08911266869736825,-0.025397273675390686,-0.05772329241849189,-0.07492438021191958,0.1793416644257769,-0.004192913209609289,-0.1313140336510849,0.026548122098376675,0.09837072664137402,-0.1045290036361435,0.02249516402535695,-0.0747972600396674,0.08156770063071607,0.05604842908489127,0.08300521225446772,-0.18402726830687863,0.07726598956312178,0.03720311104570536,-0.05952726681338891
late_round_presence_rate_CT,0.16859862360376235,0.07886546696816452,-0.08028492204333379,0.04086721793009658,0.005963793746163959,0.0265938372197293,-0.1760717232223849,0.0025577999485102906,-0.1206673863414132,-0.006889609041392186,-0.017749592362634008,0.011593779426577189,0.07378581468394764,0.01107476632174553,-0.11287535849496105,-0.1258428666056964,0.03321626688583677,0.035583324064912686,-0.08973458449740306,0.1503494124091373,-0.17670846216997876,0.11345244596473181,0.037162114441808,0.10641647841304981,-0.24866251963131064,-0.07206386928959513
late_round_presence_rate_T,0.20945152415729582,-0.01991989791830463,-0.06890430491270741,0.08221978357863559,0.0008617445008098912,0.11518854451810105,0.11991946088545963,-0.00642948515213208,0.006729831229534411,0.040143609459195095,-0.10123704482085703,0.0734346838710994,-0.07995178368408373,0.06321783445405792,0.026182367417130835,0.10340453246890456,0.00028564200347219737,0.0025667689226303025,0.0806638068419788,-0.09822939092412551,-0.02333514180532649,0.10571402196502641,-0.05672364238536441,0.022875332603654992,0.11634669889610454,-0.03124147255233825
opening_kills_per_round_CT,0.07182260671305447,-0.052144007855936626,0.2835607848695288,-0.02546948900467519,-0.048042155477167725,0.1331076251755356,-0.017184705141150114,-0.08591903918094695,-0.018304187411801818,-0.10196784194827341,0.08365685981497953,-0.04292959306319244,0.015768021745213127,0.10240927847363668,0.026266897448380122,-0.006834703192184405,0.14104465406797825,-0.027600655789896192,0.02944106260920873,-0.024767742604343057,-0.0001911097272926099,0.004166767127913827,-0.08756350991811715,-0.06970636690462503,-0.06820465866819586,-0.08194122122647983
opening_kills_per_round_T,-0.04349659169655635,0.16243757069828244,0.12314779915283733,-0.05652202922288177,0.2609335547132341,-0.07622666693743599,-0.0024462661496088556,-0.14092293741267142,0.01648926237608478,0.10799858130569545,0.004041087783198581,0.03714514270315111,0.06345341068209708,0.02807646350037757,-0.012256832301490536,0.06754417999782218,0.06330683940623652,0.04218187238980381,0.04487545399675853,-0.08953161735776433,-0.07747749511997873,-0.06658514591156617,0.026320303781991683,0.02824690358364006,-0.052234327147929124,-0.06668285844399946
opening_attempts_per_round_CT,-0.006034695102794876,-0.059663406619705775,0.26331208687017843,0.06665931146160144,-0.026671797346393578,0.15990506229989818,0.1304192578968683,-0.15512966549186002,0.021069851730894415,-0.04253029027534883,-0.018516097978239415,-0.12770886035566426,0.0832719474340662,-0.07261854099211873,0.01260728758703758,-0.0271203699447072,0.004977970198651441,-0.17085993803714689,-0.02579584122355552,-0.011501131865032769,0.0002506943859955542,-0.0128001553967413,-0.03848112988979635,-0.051004682309769435,0.010928500339141715,-0.034045863471275695
opening_attempts_per_round_T,-0.15990579920648498,0.1619026414924813,0.09270713892294548,0.012213451497379747,0.13314814395004118,-0.08375608492701958,-0.1481119191803226,-0.11571760482525528,0.08007847761887069,-0.02312138172765178,0.009824071275835539,0.039234142062553184,-0.046327630200482105,-0.0407161961584368,0.0850527896129602,-0.0940667986783792,-0.08626141578115157,0.04959074357567908,-0.02392277966057992,0.03220485970225949,-0.04451741618674232,-0.046912310358887856,0.03574505925133564,-0.039537152803740566,0.03216646371207525,-0.09308969123407451
opening_duels_per_round_CT,-0.006034695102794876,-0.059663406619705775,0.26331208687017843,0.06665931146160142,-0.026671797346393567,0.15990506229989818,0.13041925789686823,-0.15512966549186025,0.021069851730894377,-0.04253029027534884,-0.01851609797823922,-0.1277088603556642,0.08327194743406638,-0.07261854099211876,0.012607287587037608,-0.027120369944707456,0.004977970198651205,-0.170859938037147,-0.02579584122355541,-0.011501131865032994,0.0002506943859956895,-0.012800155396741508,-0.038481129889796295,-0.05100468230976958,0.01092850033914173,-0.034045863471275695
opening_duels_per_round_T,-0.15990579920648496,0.16190264149248126,0.09270713892294549,0.01221345149737975,0.13314814395004118,-0.08375608492701958,-0.14811191918032263,-0.11571760482525517,0.08007847761887069,-0.023121381727651782,0.009824071275835386,0.039234142062553184,-0.04632763020048206,-0.040716196158436746,0.08505278961296,-0.0940667986783794,-0.08626141578115144,0.04959074357567886,-0.02392277966057986,0.03220485970225935,-0.044517416186742265,-0.046912310358887856,0.03574505925133574,-0.039537152803740615,0.032166463712075107,-0.09308969123407444
opening_success_rate_CT,0.08674790698597896,0.0018984588631221612,0.20875814348741717,-0.006465420459399257,-0.042988266420764566,0.0678240457623474,-0.16056915269917565,0.049841987881465044,-0.03375774438742403,-0.18869984101220816,0.15913678818402927,0.04845526936834996,-0.11190587765236218,0.20550812395292348,0.10819002585762405,0.10511721685514508,0.13516305650255636,0.08976308177676307,0.13302821171965393,0.09996737111653697,-0.004678316118474912,-0.1360500949775202,-0.012575625143038616,0.027642487238023164,-0.06081230801162837,-0.012124862609811993
opening_success_rate_T,0.06835230809286512,0.10211728591373231,0.08142844641571376,-0.05085880480585942,0.2395848386349136,-0.04882446419367246,0.016225975632748885,-0.12141543005627381,-0.10103607229081268,0.23923176013323047,-0.034646985295467725,-0.05507268156004738,0.10257740539527625,0.09484224232164928,-0.11469038409096323,0.15087416992775024,0.06995586708661336,0.017736960621825823,0.14568101580504023,-0.11694480899558078,-0.015072163404169725,-0.02644181676686927,0.11892228729318305,0.015321219075526075,-0.03122358835469706,0.029084401472441165
kills_per_round_CT,0.07348252605247242,0.06626851883264934,0.24411915409644783,-0.06778854176814493,-0.09065736620282551,0.0408090754929094,-0.16368922512364492,0.12423419217631076,-0.09329758425803854,0.034396333119287574,0.06381939842649864,-0.013731355108337548,-0.0001142417796239914,-0.08197703226484046,0.040923977708918036,-0.032362980316129525,-0.14348418154302395,0.01600977554294014,-0.04459597798618035,-0.09647243290731616,0.03064156164372206,0.08047802598919647,0.16515931408281698,0.03439412010620318,0.08443112543503012,0.08918041392500255
kills_per_round_T,0.1091939661258265,0.15882057685087814,0.06494349610930283,-0.0766043131367437,0.2079025894544321,0.08004563660907603,0.1413558096006591,0.028865043570111833,-0.02779236700681944,-0.03280650148039512,-0.03173768643999997,0.20287142919944948,3.2422258201686427e-06,-0.0664677776107139,0.04722601110048896,-0.002258051783029111,-0.07649155327917911,0.03408240694505436,-0.12035201300795761,-0.009591459229424462,0.014277012413431767,0.023447692477003707,-0.1590529230210706,0.04479211710146106,0.007411578026830422,0.012362820331314028
deaths_per_round_CT,-0.14939951633869178,-0.02728728450842675,-0.029483497080546883,0.20392515301594752,-0.010427635164385355,0.15267216923519228,0.022858747212577375,-0.04417573377195373,-0.003050318627825188,0.09053440247947059,0.13182761810313381,-0.0015049248209515892,0.04714345053675706,0.010469684062216655,-0.06486730062556123,0.04308187311214534,0.04886104287533205,0.013539464828936587,-0.14269207446483148,0.056421713275003754,-0.0481105300501507,-0.20317647110933315,0.09665905656579124,0.19761331267982077,-0.07655170807977976,-0.14460607889746518
deaths_per_round_T,-0.1360417508494397,0.07236999617642703,-0.00941935247770213,0.19822102585269097,-0.038407132441258464,0.09015388265684132,-0.10955606709418031,0.05838767475763538,0.05131050309418802,-0.09169008954109777,-0.11472708497604958,0.20872393027518366,-0.0015705539851317007,-0.07240035629792162,0.123529281251222,0.12938190033387653,0.06631128067245592,-0.10915383267134962,0.05986181502090171,-0.11918748666042989,-0.016862921234706396,0.02543938004720897,0.005117014350449589,0.01541738883334081,0.051493197669451714,-0.11273702420574747
assists_per_round_CT,-0.008776190501390049,0.06325695717875196,0.004059252453950381,-0.008023568046215268,-0.19022497407042638,-0.004924381311724384,0.1583502376209162,-0.13100878716840833,0.13659243879794328,0.04231393831937794,0.1010686658746486,0.14078956736535234,0.2108456409255236,0.04675282600983128,-0.15054384406046117,-0.14843069573855713,-0.028032175549655036,0.22997641673133792,0.06161990953281399,-0.019194763589189902,0.1723927674639978,0.032327287892976356,-0.2502460993475775,-0.013756278110258806,-0.10469701014222861,0.010319861014865789
assists_per_round_T,0.034895109844125534,0.08794963956130437,0.0531702296244854,0.08478171297419985,-0.0166349146209129,-0.1620312486931556,0.08958915259388708,-0.025357586266646782,0.12472606412586783,0.010187960903165011,0.21057210411228058,0.160438553159921,-0.03259233869224343,-0.09384461134325131,0.01698643641481172,0.0048701586084776965,0.06944201211179268,-0.18749590275678862,0.2041156609290809,0.26368253716384515,-0.13303248406652235,-0.052150766305792906,0.16397385710484053,-0.2806267783607882,0.06751732953878502,0.29951085396897004
flash_assists_per_round_CT,0.05425662946821825,-0.04254078925175228,-0.00442446621883865,0.0877788160179684,-0.13770151238033718,-0.09484656458202481,-0.04630461610953408,-0.10861176103239889,0.11844976768373132,-0.018266733206971635,-0.006966304175024137,0.27381803941760113,0.23648294637550082,-0.056363366445949276,-0.0899046635794637,-0.0489111946615233,-0.09340305069656091,0.2109948823347629,0.16596516526475869,-0.11537688702999024,-0.07766519047474721,0.04048881766809162,-0.011903889872625778,-0.2866997899209017,-0.05940702117078013,-0.22528549867690595
flash_assists_per_round_T,0.10976149050031374,-0.12522319593455924,-0.0019066004602915348,0.12181338829003849,-0.06938484365985165,-0.06120516339660082,0.05600935073099394,-0.08858009159753874,0.1349324697692933,0.025649328076900083,0.1556709176502117,0.18197366696908407,0.14224129087672946,-0.040669395107112975,0.06031314525407047,-0.07247033107419756,-0.05496238426775879,-0.02361637617455864,0.20483365535999432,-0.011615408317959819,-0.2116498124308305,0.04533585362088241,0.07995138782680623,-0.019023910680478887,-0.0978552326213205,0.12146587306286175
hp_damage_per_round_CT,0.10350037696855001,0.01195036651504375,0.2534318177909308,-0.040400970138807585,-0.06518622689375157,0.04311075812198424,-0.14739312897917148,0.07129320314156083,-0.07570044188402579,0.02877785291711837,0.08775661168359354,0.0073858606933391545,0.006426042846239544,-0.07773055389319554,-0.022814413908559684,-0.04818844945060549,-0.15483013112493774,0.026351583126946576,-0.055981806400675294,-0.04893606307824698,0.15123365325980026,0.07211193423066309,0.09431776374010861,0.08461370201673438,0.05749784897627185,0.08089216034548093
hp_damage_per_round_T,0.0945690374177751,0.16511792911475617,0.0957523855891892,-0.05477062474882771,0.20645099415759818,0.05373975711396274,0.11336756904778283,0.004999794323246294,-0.033700979951198536,-0.013754229957835488,-0.04074275234033162,0.2455840079954913,-0.011957527911228456,-0.06307809168664097,0.06829821208819656,-0.007118585854155021,-0.0669278234206952,-0.030692857968621992,-0.1262242235010555,0.071171123063277,0.04941800600901239,-0.015908145799182205,-0.08076225621698788,-0.046853606976550735,-0.046818453923366435,0.0007639332109715957
armor_damage_per_round_CT,-0.10274908929616054,0.17879669744532606,0.062328545965207975,-0.050575144031229556,-0.20337127626178184,0.07425023155657118,-0.0030795214749061656,0.015160178109195,0.045340008833574884,0.023171287987849665,0.18416577635748055,-0.018259512273873325,0.08547507659551183,0.02658868813053785,-0.09769886257575003,0.0205187866050131,-0.12593197522286165,-0.016146345768413853,0.040589141850003785,-0.08248680139716875,0.0769028797490514,-0.008857184935026796,0.06726316448317876,0.1491682315022969,0.01699978302776098,-0.016938969982738687
armor_damage_per_round_T,-0.04920338987156767,0.2198494001367293,-0.017939617251687627,-0.05775308546959141,0.003661923920073662,0.06559492667675373,0.093971392855556,0.0433862732385641,0.010494276965958034,-0.030059839660463862,0.088447121108331,0.1606609364755793,-0.10457612641101817,0.061889686120915326,-0.04506425149042104,-0.0033355221607273573,-0.004985531993090073,-0.1441598947101458,-0.1786620493641194,-0.08236958074449195,-0.028615935093495318,-0.051789731697352376,-0.16702049761927745,-0.09899675135148836,-0.03927224028222309,4.9016172121017776e-05
utility_damage_per_round_CT,0.008750795908572681,0.0618051443585556,-0.017967325354761303,0.00704724567292922,-0.13361556070864808,-0.06477243328953021,0.048900852166612704,-0.13922224144886744,0.11854154709049912,0.04379081439096411,0.23144838526497005,0.1901313552922582,0.14247403296765437,0.13890534259332296,-0.09500618727220209,-0.07146320842011965,-0.1326707860517301,-0.052546407317313276,0.08146823525611327,0.07054842014103084,0.3137285091143745,0.05617157793931701,-0.13347934472704018,0.37335341941093997,-0.03674962459368168,-0.08799368598709367
utility_damage_per_round_T,-0.02642990175695706,0.12585105808190314,-0.034325834767504046,-0.03738984997012995,-0.08303977916384188,-0.07584550816134719,0.04093562570293302,-0.06539745223849827,0.046163628772440804,0.04277298448446824,0.280706389399552,-0.006710676096232392,-0.09373031931754935,0.0801675321178448,-0.08676213154874417,0.17842510026128489,-0.023552077276183126,-0.1797876359570984,-0.22959305764807283,0.31341346322583746,0.14574647646053746,-0.002097644659675185,0.10328389685491449,-0.16887145150069682,-0.0799258846723645,-0.0033475938091484503
headshot_rate_CT,-0.12250583038729651,0.13433495808804255,-0.010445959178550058,0.002237650468882188,-0.08174657212338818,0.06450115561500071,0.02617131191653339,-0.07354687791405408,-0.003665691591556675,-0.09236175207245025,0.05801550424880325,-0.12711677387653544,-0.09027790944377043,-0.11084321454232551,-0.00872684823270599,0.21312663509019744,0.09397539918920762,0.16231046105727834,0.13514904081072673,-0.1176861085189287,0.15015188753507713,0.16580281525686869,-0.04470379009877015,-0.007330455522724558,-0.029479296464937903,-0.003979930993593589
headshot_rate_T,-0.0633120555322732,0.21082169805351264,-0.04166261838673833,0.011094240340836089,-0.015624383795505879,0.09794389075369381,0.035310448402870453,0.005037801138355043,0.004908040763722744,-0.054824435942532196,-0.09067846593225938,0.010600765740638838,-0.008753562144552402,-0.037499814772453774,0.027715697782170846,-0.021421122927224978,-0.051102352447279335,0.045506582753882974,0.19225751171138933,-0.19746009253468672,0.11699874495784177,0.0005751130700857414,-0.009524975533205624,0.1308191490043219,-0.2296447464630516,0.20487600782351517
awp_kill_share_CT,0.17086000024323678,-0.17289183796741742,0.0541639948771118,0.09296190941033362,0.13031637682329064,-0.0472564740334392,-0.06922779171871592,0.01780028998729689,-0.02373330045993481,0.0007229504798762934,-0.07768085989221166,0.12050110662017288,0.011515695107404852,0.012179696952713134,0.10141282651492596,-0.04604508460679465,-0.03277546609886348,0.016372791869854512,-0.07849987574705146,0.062269814798293674,0.0136119996955777,-0.052475115696456756,-0.06351538528013509,0.04446161688500941,-0.001944586517518658,0.02976402176953369
awp_kill_share_T,0.157825368463669,-0.17122219683902962,0.06765095317796141,0.08052247113781671,0.11837615452759702,-0.03657273406873198,-0.10367185352208289,-0.0643473849615934,-0.050917063229761056,0.033725599413353236,-0.07663296550626125,0.05495522170120099,0.029647801890690946,0.02757473869004944,0.08061656956392751,-0.08364792715062065,-0.05407423945802727,0.03199037766752992,-0.06003844741041204,0.13825573144669395,-0.0031823389978038064,0.0249537321748491,0.015758922796654744,0.07249905991717456,0.012442604639611013,-0.13446569839021802
rifle_kill_share_CT,-0.12235186089711572,0.21902728799545926,0.021795108889371695,-0.05888158076797169,-0.14393693646783087,0.030897927056438044,0.06691636621809169,0.014074049153429987,0.05034311558915696,-0.06004123818341218,0.006429879400008387,-0.11124849477502569,-0.039364767533791985,0.06630698669363387,-0.06255076475177732,0.02460009206908454,-0.0892905498223632,0.00920262105837879,0.028251764398086215,-0.09629091447844454,-0.15598912008482688,-0.003397708711641405,0.08977334970583145,-0.06420127727000187,0.02254000839214565,0.0445721163309926
rifle_kill_share_T,-0.0724544364567654,0.2188375282426466,-0.07203498429057523,-0.027014237381092078,-0.07630187296194868,0.08961058739992421,0.10167160684897932,0.009700045019979626,-0.07568268126463755,-0.029657471657981695,0.04778026935910689,-0.04141720536533774,-0.1512267029215028,0.14795806294451289,-0.038815335465675976,-0.11098877705729919,0.03691348448001533,-0.057491317629090224,0.04232320205044468,-0.23294787674200343,-0.07901835744069194,0.0782838537123703,-0.02317185061620164,-0.018506383028048447,-0.03240577102519253,0.04149299724478635
pistol_kill_share_CT,-0.03485008498211392,-0.017322441011276644,-0.04735790308887779,0.04880682598517651,0.10506694115952549,0.010716219097282051,-0.021128322465263437,-0.06369032907280302,-0.14118666885402956,0.03563007448503072,0.2102943329602429,-0.011357033852651896,-0.09928673886584619,-0.19408890250497343,-0.003262668945926319,0.13957368926071625,0.29789027432360377,0.06554401266783419,-0.09039696083981044,0.05431104565997316,0.2960614577602422,0.4541321636988137,0.02395232223917909,-0.2526305287371744,-0.030864518107404454,-0.16773601286527018
pistol_kill_share_T,-0.009980028295610606,0.026294614147241446,0.045064064889035096,0.04765392165065,0.007394973113336234,-0.010354674615643792,0.003605761761494821,0.05018496807836455,0.08509448434464655,-0.1028512285552496,-0.1409781767131645,0.0479406132687884,0.29118698761102657,-0.2474804673915501,0.008942724518302721,0.33760409321186524,0.06666086777251624,0.1767438570169171,0.1192086889151768,0.2440378311895447,0.26142525670886335,-0.12164826193365227,0.2240450098557263,0.051098640988345476,-0.02498492476860857,0.2796558640445841
avg_time_to_first_engagement_ticks_CT,0.0408888452726288,-0.01203663966340295,-0.06251699942974213,0.031175964891814914,0.1109178767506297,0.24726612150849872,-0.10848506082876433,-0.02244962147068341,0.21122249467792945,0.09993818628056715,-0.02194869756217637,0.07338509317865842,-0.13985190144921314,-0.056929726900680065,-0.06884290147073911,-0.3031849693592325,0.22689642632651244,-0.05274605472731073,0.09572413700725696,-0.0630474242428157,0.1785429772388445,-0.06249857049836652,0.1298134129766496,0.002784186641818294,-0.040089772991818574,0.07614601207103491
avg_time_to_first_engagement_ticks_T,0.02850802669905921,0.009495463517782047,0.03460393907257164,0.02628474920008605,-0.004560957066780909,0.19845787819420962,-0.08612547667764617,0.1557124272676254,0.3344149686632101,0.1660271723973359,0.017838970668933855,-0.034564511966976096,-0.0732550569763957,-0.09640965879051532,-0.048218253461476776,0.20206855542128133,-0.029019517373933143,0.11582780908737493,-0.11082647778109979,0.0015172100172696074,-0.09227509651248182,-0.09358163943114646,-0.1401588017215159,-0.008350687171420026,-0.029750455217073164,0.04304185174165555
avg_time_to_first_engagement_seconds_CT,0.0408888452726288,-0.012036639663402939,-0.06251699942974212,0.031175964891814907,0.11091787675062972,0.24726612150849867,-0.10848506082876432,-0.02244962147068345,0.2112224946779294,0.09993818628056712,-0.02194869756217646,0.07338509317865843,-0.1398519014492131,-0.056929726900680086,-0.06884290147073914,-0.3031849693592324,0.22689642632651244,-0.05274605472731076,0.0957241370072569,-0.06304742424281574,0.17854297723884438,-0.062498570498366435,0.1298134129766495,0.002784186641818398,-0.04008977299181861,0.07614601207103497
avg_time_to_first_engagement_seconds_T,0.02850802669905921,0.009495463517782047,0.03460393907257164,0.02628474920008605,-0.004560957066780909,0.19845787819420962,-0.08612547667764617,0.1557124272676254,0.3344149686632101,0.1660271723973359,0.01783897066893386,-0.034564511966976096,-0.07325505697639571,-0.0964096587905153,-0.04821825346147679,0.2020685554212813,-0.029019517373933146,0.11582780908737496,-0.11082647778109982,0.0015172100172696629,-0.09227509651248182,-0.0935816394311465,-0.1401588017215159,-0.008350687171420082,-0.02975045521707318,0.04304185174165555
avg_survival_ticks_CT,0.152883838375707,0.09384772925606268,-0.05703192721704246,0.1362630077991702,0.02440642025272053,0.08204043141654013,-0.20413093026647233,0.027714260917320818,0.04088691005604748,-0.018693561839294635,0.007045249065911077,-0.09053956802988433,0.10841563637124699,0.003987150491905466,-0.23135992568813615,-0.012973265447838524,-0.05544057076264191,-0.08572640015036637,-0.04556901572312871,0.038837327618792626,-0.10257253891932508,0.1342628343204195,0.028758589326276545,-0.09899220412869159,-0.08629909956433027,-0.017469310171189384
avg_survival_ticks_T,0.21991602644384695,0.0678365649115005,-0.037450018202402915,0.06365690162786627,-0.0022129560294877264,0.0779984642108081,0.04070919549096233,-0.05484932420102687,0.1131731779570168,0.050155352713340505,-0.10152314516429688,-0.13105603651861117,-0.1344224724195714,0.03856196088597522,-0.01099842350784171,0.05501733787997368,-0.1338794077994983,0.017753810069589177,0.1404214067428545,0.07885874217782222,0.05742230618674488,0.023795808946203173,-0.007909726184005254,-0.06892288997371965,-0.02356371601227448,-0.14766605908300343
avg_survival_seconds_CT,0.152883838375707,0.09384772925606268,-0.05703192721704246,0.1362630077991702,0.02440642025272053,0.08204043141654013,-0.20413093026647233,0.027714260917320783,0.04088691005604748,-0.018693561839294635,0.007045249065911072,-0.09053956802988429,0.10841563637124699,0.0039871504919054765,-0.23135992568813615,-0.012973265447838552,-0.05544057076264192,-0.0857264001503664,-0.045569015723128686,0.03883732761879266,-0.10257253891932518,0.13426283432041947,0.028758589326276587,-0.09899220412869164,-0.08629909956433021,-0.01746931017118939
avg_survival_seconds_T,0.21991602644384695,0.0678365649115005,-0.037450018202402915,0.06365690162786627,-0.0022129560294877264,0.0779984642108081,0.04070919549096233,-0.05484932420102688,0.1131731779570168,0.050155352713340505,-0.10152314516429688,-0.13105603651861114,-0.13442247241957136,0.038561960885975216,-0.010998423507841712,0.05501733787997366,-0.13387940779949833,0.01775381006958919,0.14042140674285453,0.07885874217782225,0.0574223061867449,0.023795808946203166,-0.007909726184005273,-0.0689228899737197,-0.02356371601227452,-0.1476660590830034
std_survival_ticks_CT,0.0035525955247368087,0.03172016645252701,-0.022857810085999967,0.17174939568766023,0.017248167465696646,0.12085557497567057,-0.07282644386857266,-0.0292897626425633,-0.12748137604698637,0.14383893911079684,0.1711033647770492,0.06025500695218598,0.05666692443809329,0.0006662537820158151,-0.14948942854186323,-0.15323983541081027,0.12307767739375161,0.0936546849412175,0.002761697610051588,0.03080007671246969,0.001567275403539379,0.005411276953380853,-0.035571388984762545,0.027916307645398566,0.5936342391400747,0.040977629485023176
std_survival_ticks_T,0.044935629916437826,0.0749353965485289,-0.025079777725513418,0.1190861623004805,0.0037168332458722077,-0.016832331750333693,0.0031345688018426217,-0.03443392744640052,0.08010788928971423,0.05549408487672345,-0.12380887574737859,-0.26302420244633035,-0.06823404905139092,0.30393168208974536,-0.021755978135897608,-0.00044663607922027166,-0.2740818819260963,0.12215529423619603,0.11689540236057296,0.1614614837310992,0.23067791227448012,-0.15581060232130442,0.026138654339234853,-0.15101918395063124,0.1259454170989739,-0.1194453893048519
survival_rate_CT,0.18897542665959735,0.06427433201575007,0.031188493810171903,-0.11370492508559867,-0.0059833701094537,-0.08956372322681092,-0.11372934066449626,0.0357461468218198,0.013259153961213861,-0.12503452274009144,-0.13141614886089373,-0.024325037800389616,-0.009092839496521577,-0.03692774947616233,-0.04626875746768525,-0.0353048413105441,-0.06712611106341204,-0.04017997941489968,0.08176700022436743,-0.07905663901355589,0.011353456931844986,0.15964221971293346,-0.05206962874316326,-0.23791365006757065,-0.044238578055853434,0.09595079270063167
survival_rate_T,0.20683542862484133,0.033286255532031274,0.0028045674113309415,-0.061459981956997096,0.05001450243039316,-0.029911214298429557,0.14712385395351005,-0.08539062353700898,-0.021108122689844834,0.08885387626781041,0.11963562811905921,-0.07532860275796485,-0.08963827761079221,0.012258138294119729,-0.051736813955083824,-0.10150178585713142,-0.07228040688963747,0.1793842701672385,-0.03509352551904365,0.140847195369291,-0.06491049982709099,0.0258463899429328,-0.10182165047310571,0.008165273175125033,0.10535766419251921,0.12455220660238668
trade_kill_rate_CT,0.005079040580891282,0.12569008774961424,-0.048713328676809727,0.11689603552769139,-0.09419449011016141,-0.11007753237487941,0.02030702273188196,0.13023927808689112,-0.09079491021032954,0.2845311133853636,-0.02618916741296188,0.07068242273068634,0.032368622610779364,-0.018924189292187595,0.1477960148031515,0.01034000794351531,0.1248822864051179,-0.18437709579875497,0.06610506391787221,0.005566627524237231,0.052784328998185234,-0.11562119150127446,-0.23954738762951078,-0.15551631100180832,-0.08812984178048176,-0.11750998956418973
trade_kill_rate_T,0.03667606102553791,0.013298579013850946,-0.01873149585640148,0.1134087126736052,0.013154000775487604,0.005646199784230267,0.17739354475703914,0.31435985452635345,0.02617172513719054,-0.09157773644588488,0.10545732624758543,-0.1109199070661332,0.09394907878770441,0.1362472890111014,0.02961550173477563,-0.05881375847959458,0.014195458724737466,0.03649711695881392,0.009343594595243164,-0.11382059237866851,-0.01562823163631404,-0.031341775587705095,0.34727470784711023,-0.03267586939541218,0.005663761421427174,-0.15757574553373105
trade_kills_per_round_CT,0.04703547719165729,0.11980850788693505,0.07936806926632589,0.03726457036080843,-0.1432235395849755,-0.07856711090256685,-0.06290035814444431,0.22101105433699136,-0.1299816978890269,0.2944657030543709,-0.0021076863478916904,0.0021443652283637624,0.038237481777763746,-0.07677057980034291,0.1131499699138641,-0.04582316860927583,0.04868641706706458,-0.14316132129016176,0.04520522964102393,0.01697707686374004,0.09729586315439866,-0.12126774231131675,-0.056736348569926626,-0.030186519234193618,-0.018847996677101932,-0.05693907141465047
trade_kills_per_round_T,0.06292825508454007,0.07136884266097246,0.021532851817736787,0.047821265122324735,0.16781559257776052,0.050173317292429465,0.2133965816144995,0.28846605376313117,0.034528755117412456,-0.14872180218033873,0.06495546267628916,0.046701009595304176,0.15145018683089753,0.04706790812040625,0.00678798384688039,-0.06959339553665393,-0.012185093403635657,0.02688613967121622,-0.04946510667006156,-0.043244840077189685,0.050365971147754554,-0.03694427480382418,0.12916173249544824,-0.05642249542900279,0.01603138496773562,-0.14488929252698285
traded_deaths_per_round_CT,-0.04268668979678897,0.08350943244355996,0.06348607223311446,0.02879392481639027,-0.14776390976533993,0.06340052221599404,0.10425367031838637,-0.08821584249148288,0.07791045511064792,0.025649813331106462,-0.14236071379038878,-0.09371468446732809,0.1807315829937179,0.04578089979004196,0.11997360235841775,-0.1361426406989626,0.21576728354244135,0.3950094742144766,-0.18795107732551547,0.12826688825356933,-0.23622423927771596,0.13395317796119444,-0.0021372439262665223,-0.023474916298424377,-0.04679092005317839,0.055855568160008126
traded_deaths_per_round_T,-0.095823140303414,0.1324954311389315,0.01984680016121646,0.05950640234752295,0.04236787806966793,-0.09731361970711064,-0.01143082674130706,0.07340897915368284,0.08768508444830068,-0.08961441517498764,-0.06137293440487862,-0.1586421677168981,-0.05754667981610107,-0.1367954276649378,-0.06300695657947987,-0.06751735544046873,0.18814610628016026,-0.11866763158816122,0.2907118783486059,0.2830511492507171,-0.12988824833432489,0.19755489998505033,-0.1628781726859671,0.2958512551337129,0.04629706549184731,-0.05467244768385351
trade_attempts_per_round_CT,-0.07511000286267878,-0.054216800689721345,-0.08083659845782729,0.2392263283466963,0.05380860882409362,0.11873081351928716,-0.03771630077781007,-0.019972002115493076,-0.1573075891909114,0.11567372617124501,0.1620637359067439,0.08905393438595322,0.037060833761827054,0.04193050739665383,-0.1113010759290815,0.09154832277504797,0.01173223280802958,0.0173510884541817,-0.12063398196503312,-0.012923280998292496,-0.08488707212343596,-0.03190362258188009,0.06283425354548375,0.037964378349883386,-0.1002136226679651,-0.03839825672375568
trade_attempts_per_round_T,-0.044850258622087455,-0.0031975481912280357,-0.04389561662891362,0.2403425533278669,-0.07568623712025528,0.12469402685116933,-0.08667150140571979,0.03017240793461573,-0.03007362212760496,-0.10560094655398329,-0.20723545420627218,0.19198943369672,0.038688923800196985,0.053858662002618615,0.15046485557122322,0.10950077131615496,-0.015433901416382114,-0.055345790336628606,-0.0024850887063420663,-0.13342149059265715,0.06426087182042871,0.04404130803480143,0.05942132891444814,-0.018055233009480365,-0.02841298758141169,-0.1429090250081622
trade_success_rate_CT,0.06186841345037589,0.11430589785406137,0.10685864972702043,-0.029535289648035003,-0.15179871308002635,-0.0827057338909192,-0.06974146081679151,0.20225715806615052,-0.08507928336137581,0.25532384117624274,-0.04283266866503523,-0.045513461442385654,0.03159134130882353,-0.10624624394407123,0.10956509415320706,-0.07117405558180699,-0.006552473263661216,-0.09190857264237814,0.10926456583059081,0.024312897915083478,0.09028312251752385,-0.11165696504863439,-0.030535945046477216,-0.05401484267009452,-0.0336369562241489,-0.11005594339584718
trade_success_rate_T,0.07878423136909839,0.09734536319269858,0.02429890114872096,0.009545817384651384,0.16617734584557475,0.012040160021879763,0.23731951844058927,0.24735587562856018,0.03387753379386589,-0.10739653900157722,0.14353030460287886,-0.0005052703276536241,0.11215531873750441,0.03890810004180195,-0.008766260459273159,-0.10623058748360456,-0.012509725267493044,0.09328227572395155,-0.07020243596480967,0.000279140821887236,0.04130156906113665,-0.015460949132468225,0.0914453781534656,-0.07178117401593684,0.044743671257011175,-0.07414527711584491
trade_participation_rate_CT,0.005962256470338844,0.14488459912067683,0.10148827034357098,0.04696638690066554,-0.20553944466220286,-0.0152907258849336,0.023849794980075636,0.10382131577615408,-0.04349913880492421,0.23492850448063424,-0.09760308057187833,-0.06164097980841386,0.15019202039293883,-0.02585030245460452,0.16456463703399699,-0.12571571013689978,0.18155152445174158,0.16069526923487912,-0.09339478337695044,0.09908366366966698,-0.08746551861837115,0.0007507820419177247,-0.043372659051734375,-0.038146850862594395,-0.04549759555536883,-0.004396917305899389
trade_participation_rate_T,-0.016307894946028526,0.1386806094571568,0.028723390271726407,0.07384614671368009,0.15066190926644646,-0.02663176461957873,0.14902232631891063,0.2593583419020358,0.08246405242814557,-0.16745293206157613,0.007630388888468001,-0.06914677950719851,0.07354586816556788,-0.054639823735247915,-0.036085556070033636,-0.09503134389553561,0.11368367661657734,-0.057623783865292814,0.15319231992125731,0.15276065980312065,-0.04771999700271392,0.10166101364659667,-0.011443537496980835,0.15144027630887896,0.0419275991016214,-0.14187042900388225
grenades_per_round_CT,0.15406474682598975,0.1260202907735021,-0.017275813706892396,0.0013787784101444382,-0.07494474986791086,-0.17839332449323347,-0.09721856126778415,-0.07500546434405542,0.10722931225785091,-0.14270630609146845,-0.09816508450181116,-0.0059636646025928155,0.11745320698781556,0.027512699453186833,-0.11144364889475775,0.027762512202489244,0.1535477069189489,-0.12563513615960265,-0.187585791424448,-0.08785344678275964,0.08713980882405792,-0.10512270007252045,-0.010304561449874058,0.06590578595821765,0.05861876251312933,0.008810581536997032
grenades_per_round_T,0.18564048854544818,0.08160267711939638,-0.027797227357391992,-0.005038278031903058,-0.11461145418395344,-0.08614902400427449,0.13785096675432934,-0.11776416820505065,0.08710576226986078,0.03015417178551137,0.11934623799185662,-0.0016494213165460358,-0.1815635207849133,-0.1203046316749255,0.08720612716116596,0.06048795169136158,0.05176280752317209,0.02439699024515305,-0.08960805227233998,-0.09186396347440322,-0.092527009936684,-0.044994217550815,0.1080138228003136,0.062235111567157886,0.010705364018314217,-0.10147348604634368
flashbangs_per_round_CT,0.17595514867494613,0.0461853879249762,-0.006347646977026643,0.020128016017245957,-0.07919099972669574,-0.1671184646528918,-0.06817673725443818,-0.014227625040405902,0.06034559072470237,-0.13505340457690776,-0.03402512920625365,0.015111313287367258,0.09441061785881828,0.05131068561826779,-0.15659685013893254,-0.00712085181439389,0.16814254173414678,-0.15859757159119786,-0.07586647335137532,-0.102641095591734,-0.010492010988218864,-0.15860001832306309,-0.05283143014602356,0.016086561001930746,0.07868117694398598,0.06836257415948821
flashbangs_per_round_T,0.20636635437725323,-0.015121342776492576,-0.028968749377218713,0.01942898437712723,-0.04588001378614561,-0.09142384914652486,0.05934246602430745,-0.06609811431323218,0.08590960517214019,-0.035140519955759945,0.04520423939302409,0.027585063582743204,-0.14694869471934813,-0.07215194987854451,0.12622694988624789,0.010595264815239029,0.0568098772611145,0.051447323518227346,0.046145626169173705,-0.13044400308388238,-0.13461384240715174,-0.13511496397799488,0.1062185553420406,0.13374050973018753,0.05619158749823417,-0.024327698224906377
smokes_per_round_CT,0.04934348313309369,0.19221874324158542,-0.07537303640114656,-0.026956379309429318,-0.057923379487486236,-0.07455171694414851,-0.08493315071671366,-0.06635305577745255,0.12888304261551875,-0.15697497328506865,-0.046923004175858915,-0.02225360422305103,0.06785117496681009,-0.11643227958721708,-0.07750819017218485,0.0636717408817454,0.05832442366444114,-0.06437650483138747,-0.20556934965518256,-0.04457622727019705,0.008874598428695913,-0.013590733662999212,0.08075626792493887,-0.024828048343704376,-0.049342798896034414,-0.0764480312463154
smokes_per_round_T,0.15915463109937616,-0.02870335198529151,-0.01434481386659378,0.050748093454959294,-0.1263669514181953,-0.10498823253821002,0.09499342357381828,-0.14855663986988885,0.11608667169055993,0.049557303088529195,0.10651066660332768,0.09015049031871016,-0.024999761246854338,-0.12008930138946387,0.13079104402332348,0.039386413209205405,-0.014705273579228876,-0.044082494851915455,0.04635179736732531,-0.12846322118532416,-0.020440974355839817,0.07580510089863951,0.20415465864384102,0.010965790201157033,0.06867965497341999,-0.19092615218473316
fire_nades_per_round_CT,0.1292054049626759,0.07788342518410366,0.00812384256982778,0.016134909981736785,-0.023642160747901063,-0.17275625213798954,-0.1073420315622118,-0.07176169727242578,0.07765646306207782,-0.08225722567903997,-0.1486670791072327,-0.10635182704318938,0.11895249363728175,0.07857972181216515,-0.044851784739112534,0.02438131359312203,0.2101345248526574,-0.0061223028489754815,-0.19038485377025105,-0.06402470739472357,0.18873756965023064,-0.1035289368424845,-0.04721649665888625,0.09420501782101723,0.21983650898454085,-0.06369390203122266
fire_nades_per_round_T,0.1769806352761387,0.07664292796598872,-0.043400818632964175,-0.013648543520614613,-0.061698471371923254,-0.06732913627843094,0.10631571800428842,-0.06573645087308932,0.03941833849160307,0.0464814052551907,0.0680977614091789,-0.06811649624223565,-0.2429252869092495,-0.12982433508360405,0.10587558868324262,0.02220453969673776,0.1190650726033362,0.05872785674835,-0.14434450086486272,-0.013841999554298344,-0.05789168678271582,-0.04541057773631403,0.06533328612785541,0.15946862196549055,-0.06545121434418645,0.019368907862641872
avg_distance_from_team_CT,0.05722985295046621,0.07555663739168977,-0.20386472532050062,-0.03750984217137414,0.053318407382988715,0.10958449186199608,-0.11744276876950333,-0.042695247725778436,-0.04481725813013498,-0.06641796156246846,0.19619401801353037,-0.22722342254060277,0.15097754848114836,-0.18024631640329497,0.13780570682373372,-0.004281341261420676,-0.0002433812105735723,0.03746078910963365,0.09065370553920052,-0.06349684535835004,-0.039555448042902355,-0.10564815097358153,-0.11004875712715698,-0.03522340274267038,0.010632288718431773,-0.08579247785864934
avg_distance_from_team_T,0.04754604546549674,0.16368088847013637,-0.10205923309106926,-0.15157256620051998,-0.09839349727768905,0.19090730170377807,0.01794770537427024,-0.12024965358966976,-0.10339087242350394,-0.029616838294610245,-0.09592279379867316,0.046464049289951306,-0.020993887085633822,-0.02680743993841757,0.034109079357891654,-0.09172553133319702,0.009075145814656302,0.020655318004404153,0.0595715282838902,0.14322991796328546,-0.00048644841399622316,-0.08760569416367385,0.10400548351741067,-0.020141875533733943,0.02838064987631747,-0.08340033813380707
isolation_rate_CT,0.030561566026670876,0.06426218762054733,-0.2040076378128583,-0.025955867392351183,0.060665581984348425,0.08897262634860911,-0.07464304215474232,-0.04783309608410188,-0.0882264214873961,-0.133928028999966,0.16476980761917184,-0.1848292144326188,0.1804492819568318,-0.13104296733910953,0.1951781107131198,0.03760333531075181,0.014267930287775718,0.07128042676486633,0.06385783787547361,-0.10003208897022106,-0.0019498943565655937,-0.16885695913804522,-0.14669651895364993,-0.11843908136433884,0.09755547467656847,0.009536390221788812
isolation_rate_T,-0.012896118210063751,0.1362183722102609,-0.10454001819003693,-0.14981935802361235,-0.0905458092673724,0.19048661479922108,0.032685777555347434,-0.08427109563518595,-0.1665031513317852,-0.08017135421791562,-0.10954913285711088,0.11032729497434585,0.005185351104700088,0.05694262704781596,-0.05035716547215545,-0.02972213573530689,0.04575726381202826,0.025627412684263894,-0.009724350755083705,0.1489854197861572,0.00808456101956256,-0.14980248586960046,0.08745046812577814,-0.09385802932192365,0.124355308531698,0.026734478360986184
avg_nearby_teammates_CT,-0.09338288874267188,0.0660846157388517,0.08317690066750971,0.25093837099465416,-0.06332463807692941,0.010459953899212922,0.07909146013202674,-0.010297732984441624,-0.041231422672129966,0.03714310440141571,-0.12320082795490528,0.04478770920324527,-0.09177333171149549,0.12098195138436545,-0.10540648867199387,0.10304072885036628,0.00746754983595519,0.03950630052341886,-0.11819365468181042,0.04121647245034357,-0.027030193385671083,-0.026660233316190107,0.09864951203033867,0.0213686755206068,-0.08285366622812508,0.061974882814765195
avg_nearby_teammates_T,-0.05167418480576223,0.07188872463037146,0.0470754134786649,0.3009179955738014,0.04213516344662919,-0.10243946043306745,-0.02302529331398731,0.01160506136334686,0.03421547691210356,0.022138151649165775,0.04406546899727457,-0.0035554936494595164,-0.06848075818102323,0.055191974436944506,0.10972298227431075,0.059553897233569,-0.03606219171814044,0.1361771085489954,0.008258991880720157,-0.10202724645063611,0.03625495750635724,0.11472302923153904,-0.10092746026240602,0.0042977228025525005,0.19081359610664567,0.08056801407120079
time_spent_alone_ratio_CT,0.09276600921170335,-0.009606221515449884,-0.15587473230998367,-0.03669638519598522,0.06733491613574591,0.11171676048978134,-0.12053011267778493,-0.07381840606131641,-0.07175189268719112,-0.01332442151115696,0.23120694907623016,-0.10946566447693729,0.20810645457323515,-0.10903757985383147,0.16586123045268553,0.06608424342616266,-0.13821061810783336,-0.1052842620927562,0.029124948360813863,0.025777964203924184,-0.07932025876860072,-0.07217410821157494,-0.05511518211704164,0.15330388947125365,-0.049521699162640265,-0.06615514276543968
time_spent_alone_ratio_T,0.05154538188760876,0.07317940446105291,-0.11549746666716221,-0.15636814467899762,-0.09376345901402054,0.24449263254706585,0.01737351038843884,-0.10151356973252479,-0.1426093451259735,-0.024837576259553466,-0.10854809930509715,0.17041816964325368,0.05071219514245325,-0.03187131749832759,0.005915636738322676,-0.01604318498450342,-0.0037766249084489295,-0.049450361468975496,0.057202404867541905,0.16166693171648405,-0.05226635621571527,-0.08469742792750906,0.12374491585842129,-0.030067281467869418,0.022664400294490752,-0.040333719520919215
avg_nearby_teammates_at_engagement_CT,0.01873712076493863,0.03216847047199872,0.06259055741483323,0.15485625548378823,-0.0650326551429414,-0.024622488099604184,0.008938387677096718,-0.015050894381329668,-0.23969197800550018,-0.06109569603050929,-0.032425420082275835,0.05046352866025226,-0.1769433912761784,-0.21715613454254604,-0.26896300482958785,0.05808493688774796,-0.08636346036242355,0.09858414610996317,0.08674710633131555,0.10411411168930436,-0.07292239167765716,-0.13305045482561614,0.03076724048953377,0.14633039923027613,-0.0924624565460401,-0.2103626913584576
avg_nearby_teammates_at_engagement_T,0.05497478533587818,-0.00844341391348317,-0.03337360730791864,0.21840865234258575,0.005781768691498033,-0.024375819588562175,0.08921515877420898,-0.05833272023691998,-0.199871897687814,-0.13165895283640247,0.0057881136087559746,-0.01740442170297381,-0.11656211655930043,-0.19449708949744096,0.012209688267857977,-0.07799986622178032,0.007805169060171794,0.17540643385519225,-0.033058671151364405,-0.05425768593072888,0.16544361486558584,-0.24742854280007334,-0.0372151137983915,-0.10744407928439963,-0.05632579007537317,0.12273524039554916
engagement_isolation_rate_CT,-0.006130784022727927,-0.01558280817836489,-0.13379166035277837,-0.0163465449640816,0.10835083440246582,0.0968250950431574,-0.04975107837910383,-0.03672450399889959,0.20898482793158848,0.06657056288431873,0.06905500358202013,-0.028126909866973065,0.11400114977167786,0.2180627578289771,0.3606589312620365,-0.0026095828353396044,-0.04101390110417284,-0.07803982005649976,-0.12015014428199089,0.08106403344552303,0.11642481045428543,0.10755222347608358,0.07941162623925568,0.047758155136972236,-0.09454260765953221,0.09587381415439294
engagement_isolation_rate_T,0.013151669065143451,0.07681264707648286,-0.03238528658866959,-0.1613556976423342,-0.12139173084485004,0.160254243424983,-0.03843212668926905,-0.031064803486583966,0.013292028254926792,0.12100864844999076,-0.08324597440011212,0.1279198013912135,0.0762168064952327,0.12855955878092817,0.10866928738935284,0.24040996308829823,0.05716564544956437,-0.05961664517562823,0.043681981836787134,0.04612291804030632,-0.12146595628006349,0.19401200507512736,0.12847206366729041,0.06218291254796271,0.31605349063014343,-0.08212195591396827
position_entropy_CT,0.07993322965099953,0.0993179024980579,-0.02724942211811429,0.23285399202902257,0.054463982323038715,0.09191581149786757,-0.07622770445600295,-0.01642537459949749,-0.12767600837924048,0.0071848282611637095,0.1063257109945433,0.003026875985815045,0.03642938795018007,0.07849491794397544,-0.06347741396507012,0.025332140784485525,-0.04954738142504012,0.002622924554554291,-0.015009811213199591,-0.061939747264817914,-0.05314609497144427,-0.023362330513556937,-0.08279983313310789,-0.06617052433933157,0.04409025546458653,0.23018673914100138
position_entropy_T,0.1121711257756036,0.14289443754082834,-0.007761600803422858,0.22714702976554488,-0.017800431764342508,0.0024204860727156524,0.013212979247193344,-0.11787730605831413,-0.045111562676600055,-0.03989664037542918,-0.03991902249452383,0.008169616033957706,-0.0767510298001481,-0.0005891361612219164,0.13221982297780685,-0.025824157985030734,-0.07114414733217907,0.011714647739530844,-0.011392732419702694,0.007345133998841338,0.0732816823431888,0.14101907572567898,0.04795476138476292,0.09837119626082647,0.06937706464955534,0.055437461589234474
