player_name,rounds_played_ct,rounds_played_t,awpy_rounds_ct,awpy_rounds_t,kills_ct,kills_t,deaths_ct,deaths_t,kpr_ct,kpr_t,dpr_ct,dpr_t,kdr_ct,kdr_t,survival_rate_ct,survival_rate_t,damage_ct,damage_t,awpy_damage_ct,awpy_damage_t,damage_taken_ct,damage_taken_t,damage_per_round_ct,damage_per_round_t,damage_taken_per_round_ct,damage_taken_per_round_t,damage_diff_per_round_ct,damage_diff_per_round_t,util_damage_ct,util_damage_t,util_damage_per_round_ct,util_damage_per_round_t,adr_ct,adr_t,kast_rounds_ct,kast_rounds_t,kast_ct,kast_t,impact_ct,impact_t,rating_ct,rating_t,assists_ct,assists_t,assists_per_round_ct,assists_per_round_t,flash_assists_ct,flash_assists_t,flash_assists_per_round_ct,flash_assists_per_round_t,trade_kills_ct,trade_kills_t,traded_deaths_ct,traded_deaths_t,trade_kill_rate_ct,trade_kill_rate_t,death_traded_rate_ct,death_traded_rate_t,trade_participation_ct,trade_participation_t,opening_kills_ct,opening_kills_t,opening_deaths_ct,opening_deaths_t,opening_kill_rate_ct,opening_kill_rate_t,opening_death_rate_ct,opening_death_rate_t,opening_duel_attempts_ct,opening_duel_attempts_t,opening_duel_success_ct,opening_duel_success_t,rounds_with_2k_ct,rounds_with_2k_t,rounds_with_3k_ct,rounds_with_3k_t,rounds_with_4k_ct,rounds_with_4k_t,rounds_with_5k_ct,rounds_with_5k_t,multi_kill_rounds_ct,multi_kill_rounds_t,multi_kill_rate_ct,multi_kill_rate_t,rifle_kills_ct,rifle_kills_t,awp_kills_ct,awp_kills_t,smg_kills_ct,smg_kills_t,pistol_kills_ct,pistol_kills_t,shotgun_kills_ct,shotgun_kills_t,scout_kills_ct,scout_kills_t,util_kills_ct,util_kills_t,rifle_kill_share_ct,rifle_kill_share_t,awp_kill_share_ct,awp_kill_share_t,grenades_thrown_ct,grenades_thrown_t,he_grenades_thrown_ct,he_grenades_thrown_t,flashbangs_thrown_ct,flashbangs_thrown_t,smokes_thrown_ct,smokes_thrown_t,fire_nades_thrown_ct,fire_nades_thrown_t,decoys_thrown_ct,decoys_thrown_t,grenades_per_round_ct,grenades_per_round_t,he_grenades_per_round_ct,he_grenades_per_round_t,flashbangs_per_round_ct,flashbangs_per_round_t,smokes_per_round_ct,smokes_per_round_t,fire_nades_per_round_ct,fire_nades_per_round_t,decoys_per_round_ct,decoys_per_round_t,rounds_played_total,pc1,pc2,cluster
Aleksib,117,129,117,129,65,66,66,92,0.5555555555555556,0.5116279069767442,0.5641025641025641,0.7131782945736435,0.9848484848484848,0.717391304347826,0.4358974358974359,0.2868217054263566,9328.0,9671.0,7855.0,8005.0,9299.0,12857.0,79.72649572649573,74.96899224806202,79.47863247863248,99.66666666666669,0.2478632478632478,-24.69767441860465,887.0,1018.0,7.581196581196581,7.891472868217054,67.13675213675214,62.05426356589148,88,96,75.21367521367522,74.4186046511628,0.9051282051282052,0.8034883720930233,0.9877536752136752,0.8947897674418605,34,38,0.2905982905982906,0.2945736434108527,5,6,0.0427350427350427,0.0465116279069767,19,22,16,26,0.2923076923076923,0.3333333333333333,0.2424242424242424,0.2826086956521739,0.2991452991452991,0.3720930232558139,10,4,6,10,0.1538461538461538,0.0606060606060606,0.0909090909090909,0.108695652173913,16,14,0.625,0.2857142857142857,14,13,4,3,1,1,0,0,14,13,0.1196581196581196,0.1007751937984496,38,48,0,0,11,5,15,11,0,0,0,0,1,0,0.5846153846153846,0.7272727272727273,0.0,0.0,352,442,70,42,98,140,104,161,80,98,0,1,3.0085470085470085,3.4263565891472867,0.5982905982905983,0.3255813953488372,0.8376068376068376,1.0852713178294573,0.8888888888888888,1.248062015503876,0.6837606837606838,0.7596899224806202,0.0,0.0077519379844961,246,4.8730404620265375,-4.57269232004284,0
Brollan,95,84,95,84,60,46,56,63,0.631578947368421,0.5476190476190477,0.5894736842105263,0.75,1.0714285714285714,0.7301587301587301,0.4105263157894737,0.25,8953.0,6583.0,7461.0,5245.0,8302.0,10035.0,94.2421052631579,78.36904761904762,87.38947368421053,119.46428571428572,6.852631578947369,-41.095238095238095,646.0,157.0,6.8,1.869047619047619,78.53684210526316,62.44047619047619,73,50,76.84210526315789,59.523809523809526,1.0678947368421057,0.8507142857142856,1.129255157894737,0.7655144285714286,30,16,0.3157894736842105,0.1904761904761904,4,3,0.0421052631578947,0.0357142857142857,11,16,20,15,0.1833333333333333,0.3478260869565217,0.3571428571428571,0.238095238095238,0.3263157894736842,0.369047619047619,11,9,12,19,0.1833333333333333,0.1956521739130435,0.2142857142857142,0.3015873015873015,23,28,0.4782608695652174,0.3214285714285714,12,10,5,4,2,1,0,0,12,10,0.1263157894736842,0.119047619047619,45,30,0,1,5,3,9,12,0,0,0,0,1,0,0.75,0.6521739130434783,0.0,0.0217391304347826,244,203,45,16,68,77,75,64,56,46,0,0,2.568421052631579,2.4166666666666665,0.4736842105263157,0.1904761904761904,0.7157894736842105,0.9166666666666666,0.7894736842105263,0.7619047619047619,0.5894736842105263,0.5476190476190477,0.0,0.0,179,0.3816386135084064,-2.5796886970125095,1
EliGE,42,44,42,44,31,22,30,39,0.7380952380952381,0.5,0.7142857142857143,0.8863636363636364,1.0333333333333334,0.5641025641025641,0.2857142857142857,0.1136363636363636,3828.0,3310.0,3198.0,2600.0,4348.0,5203.0,91.14285714285714,75.22727272727273,103.52380952380952,118.25,-12.38095238095238,-43.02272727272727,135.0,209.0,3.2142857142857144,4.75,76.14285714285714,59.09090909090909,31,29,73.80952380952381,65.9090909090909,1.2321428571428572,0.7409090909090907,1.1004571428571428,0.6952868181818183,7,9,0.1666666666666666,0.2045454545454545,0,1,0.0,0.0227272727272727,6,4,11,11,0.1935483870967742,0.1818181818181818,0.3666666666666666,0.282051282051282,0.4047619047619047,0.3409090909090909,4,4,7,5,0.1290322580645161,0.1818181818181818,0.2333333333333333,0.1282051282051282,11,9,0.3636363636363636,0.4444444444444444,9,5,2,1,0,0,0,0,9,5,0.2142857142857142,0.1136363636363636,24,16,0,0,3,1,3,3,0,0,0,0,0,1,0.7741935483870968,0.7272727272727273,0.0,0.0,90,76,19,12,28,21,24,24,19,19,0,0,2.142857142857143,1.7272727272727273,0.4523809523809524,0.2727272727272727,0.6666666666666666,0.4772727272727273,0.5714285714285714,0.5454545454545454,0.4523809523809524,0.4318181818181818,0.0,0.0,86,-7.433212875245603,-1.4769684028769743,1
Ex3rcice,63,53,63,53,41,29,47,40,0.6507936507936508,0.5471698113207547,0.746031746031746,0.7547169811320755,0.8723404255319149,0.725,0.2539682539682539,0.2452830188679245,5513.0,4397.0,4451.0,3356.0,6678.0,5508.0,87.5079365079365,82.9622641509434,106.0,103.9245283018868,-18.49206349206349,-20.9622641509434,206.0,334.0,3.2698412698412698,6.30188679245283,70.65079365079364,63.320754716981135,43,37,68.25396825396825,69.81132075471699,1.0295238095238095,0.8977358490566038,0.9517919365079366,0.9109731320754716,8,16,0.1269841269841269,0.3018867924528302,2,1,0.0317460317460317,0.0188679245283018,12,8,9,9,0.2926829268292683,0.2758620689655172,0.1914893617021276,0.225,0.3333333333333333,0.320754716981132,7,1,6,11,0.1707317073170731,0.0344827586206896,0.1276595744680851,0.275,13,12,0.5384615384615384,0.0833333333333333,8,8,3,0,0,0,0,0,8,8,0.1269841269841269,0.1509433962264151,30,26,0,0,0,0,11,2,0,0,0,0,0,0,0.7317073170731707,0.896551724137931,0.0,0.0,116,105,26,24,27,26,31,23,32,32,0,0,1.8412698412698407,1.981132075471698,0.4126984126984127,0.4528301886792453,0.4285714285714285,0.490566037735849,0.492063492063492,0.4339622641509434,0.5079365079365079,0.6037735849056604,0.0,0.0,116,-5.688250075431345,-2.1107623113871714,1
FaNg,38,36,38,36,28,18,33,26,0.7368421052631579,0.5,0.868421052631579,0.7222222222222222,0.8484848484848485,0.6923076923076923,0.131578947368421,0.2777777777777778,3626.0,2957.0,2795.0,2378.0,4716.0,3926.0,95.42105263157896,82.13888888888889,124.10526315789474,109.05555555555556,-28.68421052631579,-26.916666666666668,142.0,235.0,3.736842105263158,6.527777777777778,73.55263157894737,66.05555555555556,25,24,65.78947368421052,66.66666666666667,1.2147368421052631,0.7811111111111111,0.9642855789473684,0.801899,5,5,0.131578947368421,0.1388888888888889,1,0,0.0263157894736842,0.0,10,8,5,5,0.3571428571428571,0.4444444444444444,0.1515151515151515,0.1923076923076923,0.3947368421052631,0.3611111111111111,4,3,4,4,0.1428571428571428,0.1666666666666666,0.1212121212121212,0.1538461538461538,8,7,0.5,0.4285714285714285,7,4,1,1,0,0,0,0,7,4,0.1842105263157894,0.1111111111111111,13,13,0,2,6,0,8,3,0,0,0,0,1,0,0.4642857142857143,0.7222222222222222,0.0,0.1111111111111111,52,62,10,14,10,10,22,11,10,25,0,2,1.368421052631579,1.7222222222222223,0.2631578947368421,0.3888888888888889,0.2631578947368421,0.2777777777777778,0.5789473684210527,0.3055555555555556,0.2631578947368421,0.6944444444444444,0.0,0.0555555555555555,74,-8.899332660292256,-0.3725382378736009,1
FalleN,120,112,120,112,81,63,72,84,0.675,0.5625,0.6,0.75,1.125,0.75,0.4,0.25,11696.0,8714.0,9230.0,6915.0,9748.0,12273.0,97.46666666666668,77.80357142857143,81.23333333333333,109.58035714285714,16.233333333333334,-31.776785714285715,674.0,521.0,5.616666666666666,4.651785714285714,76.91666666666667,61.74107142857143,97,75,80.83333333333333,66.96428571428571,1.11875,0.9227678571428573,1.17077,0.8696707142857143,26,33,0.2166666666666666,0.2946428571428571,1,10,0.0083333333333333,0.0892857142857142,10,17,23,21,0.1234567901234567,0.2698412698412698,0.3194444444444444,0.25,0.275,0.3392857142857143,13,6,15,14,0.1604938271604938,0.0952380952380952,0.2083333333333333,0.1666666666666666,28,20,0.4642857142857143,0.3,20,15,4,1,1,0,0,0,20,15,0.1666666666666666,0.1339285714285714,46,42,4,3,11,4,17,11,0,0,2,1,1,1,0.5679012345679012,0.6666666666666666,0.0493827160493827,0.0476190476190476,277,372,46,6,69,153,94,129,67,84,1,0,2.308333333333333,3.321428571428572,0.3833333333333333,0.0535714285714285,0.575,1.3660714285714286,0.7833333333333333,1.1517857142857142,0.5583333333333333,0.75,0.0083333333333333,0.0,232,4.157277268217083,-0.35223866402809106,0
Graviti,63,55,63,55,38,31,49,39,0.6031746031746031,0.5636363636363636,0.7777777777777778,0.7090909090909091,0.7755102040816326,0.7948717948717948,0.2222222222222222,0.2909090909090909,5758.0,4423.0,4760.0,3463.0,7001.0,5186.0,91.3968253968254,80.41818181818182,111.12698412698413,94.2909090909091,-19.73015873015873,-13.872727272727271,285.0,105.0,4.523809523809524,1.9090909090909087,75.55555555555556,62.96363636363636,44,43,69.84126984126983,78.18181818181819,0.9814285714285714,0.9047272727272728,0.9452361269841272,0.9563449454545456,16,13,0.2539682539682539,0.2363636363636363,1,2,0.0158730158730158,0.0363636363636363,9,13,12,13,0.2368421052631578,0.4193548387096774,0.2448979591836734,0.3333333333333333,0.3333333333333333,0.4727272727272727,9,1,10,8,0.2368421052631578,0.032258064516129,0.2040816326530612,0.2051282051282051,19,9,0.4736842105263157,0.1111111111111111,6,7,3,2,1,0,0,0,6,7,0.0952380952380952,0.1272727272727272,32,23,0,0,2,5,2,2,0,0,0,0,2,0,0.8421052631578947,0.7419354838709677,0.0,0.0,124,123,26,8,31,54,41,39,26,22,0,0,1.968253968253968,2.2363636363636363,0.4126984126984127,0.1454545454545454,0.492063492063492,0.9818181818181818,0.6507936507936508,0.7090909090909091,0.4126984126984127,0.4,0.0,0.0,118,-4.816537560664981,-0.8975084455543788,1
HeavyGoD,91,115,91,115,63,83,51,79,0.6923076923076923,0.7217391304347827,0.5604395604395604,0.6869565217391305,1.2352941176470589,1.0506329113924051,0.4395604395604395,0.3130434782608696,8167.0,11089.0,6716.0,8721.0,7522.0,11259.0,89.74725274725274,96.42608695652174,82.65934065934066,97.90434782608696,7.087912087912088,-1.4782608695652173,457.0,153.0,5.021978021978022,1.3304347826086955,73.8021978021978,75.83478260869565,73,80,80.21978021978022,69.56521739130434,1.0914285714285714,1.1930434782608694,1.1468286153846152,1.0852846956521738,14,18,0.1538461538461538,0.1565217391304348,0,3,0.0,0.0260869565217391,10,20,15,20,0.1587301587301587,0.2409638554216867,0.2941176470588235,0.2531645569620253,0.2747252747252747,0.3478260869565217,10,11,5,9,0.1587301587301587,0.1325301204819277,0.0980392156862745,0.1139240506329113,15,20,0.6666666666666666,0.55,16,19,3,6,1,2,0,0,16,19,0.1758241758241758,0.1652173913043478,49,58,0,2,6,10,6,11,0,0,0,0,0,0,0.7777777777777778,0.6987951807228916,0.0,0.0240963855421686,224,221,42,9,54,84,73,69,55,59,0,0,2.4615384615384617,1.9217391304347824,0.4615384615384615,0.0782608695652174,0.5934065934065934,0.7304347826086957,0.8021978021978022,0.6,0.6043956043956044,0.5130434782608696,0.0,0.0,206,2.502661491744809,-0.09777503059203976,0
JT,38,36,38,36,14,16,34,25,0.3684210526315789,0.4444444444444444,0.8947368421052632,0.6944444444444444,0.4117647058823529,0.64,0.1052631578947368,0.3055555555555556,2286.0,2263.0,2044.0,1862.0,4579.0,3710.0,60.1578947368421,62.86111111111112,120.5,103.05555555555556,-60.3421052631579,-40.19444444444444,214.0,107.0,5.631578947368421,2.9722222222222223,53.78947368421053,51.72222222222222,22,23,57.89473684210526,63.888888888888886,0.5821052631578947,0.6755555555555556,0.520520105263158,0.758027888888889,16,9,0.4210526315789473,0.25,5,7,0.131578947368421,0.1944444444444444,5,7,7,9,0.3571428571428571,0.4375,0.2058823529411764,0.36,0.3157894736842105,0.4444444444444444,4,1,6,5,0.2857142857142857,0.0625,0.1764705882352941,0.2,10,6,0.4,0.1666666666666666,3,3,0,1,0,0,0,0,3,3,0.0789473684210526,0.0833333333333333,10,12,1,0,0,0,3,4,0,0,0,0,0,0,0.7142857142857143,0.75,0.0714285714285714,0.0,80,102,19,7,23,42,23,33,15,19,0,1,2.1052631578947367,2.833333333333333,0.5,0.1944444444444444,0.6052631578947368,1.1666666666666667,0.6052631578947368,0.9166666666666666,0.3947368421052631,0.5277777777777778,0.0,0.0277777777777777,74,-9.958663247828568,-2.04979759732591,1
Jimpphat,95,84,95,84,70,35,49,58,0.7368421052631579,0.4166666666666667,0.5157894736842106,0.6904761904761905,1.4285714285714286,0.603448275862069,0.4842105263157895,0.3095238095238095,9070.0,5561.0,7243.0,4488.0,6944.0,8822.0,95.47368421052632,66.20238095238095,73.09473684210526,105.02380952380952,22.37894736842105,-38.82142857142857,237.0,253.0,2.494736842105264,3.011904761904762,76.2421052631579,53.42857142857143,81,56,85.26315789473684,66.66666666666667,1.2390526315789474,0.6313095238095239,1.2779980210526314,0.7162132857142858,18,23,0.1894736842105263,0.2738095238095238,2,0,0.0210526315789473,0.0,15,13,14,16,0.2142857142857142,0.3714285714285714,0.2857142857142857,0.2758620689655172,0.3052631578947368,0.3452380952380952,10,5,5,6,0.1428571428571428,0.1428571428571428,0.1020408163265306,0.1034482758620689,15,11,0.6666666666666666,0.4545454545454545,19,7,6,2,0,0,0,0,19,7,0.2,0.0833333333333333,53,25,1,0,1,0,15,8,0,0,0,0,0,2,0.7571428571428571,0.7142857142857143,0.0142857142857142,0.0,208,142,62,17,27,39,63,55,56,30,0,1,2.1894736842105265,1.6904761904761905,0.6526315789473685,0.2023809523809523,0.2842105263157894,0.4642857142857143,0.6631578947368421,0.6547619047619048,0.5894736842105263,0.3571428571428571,0.0,0.0119047619047619,179,-1.011419069849348,-0.37599059536864016,1
KSCERATO,120,112,120,112,97,89,63,73,0.8083333333333333,0.7946428571428571,0.525,0.6517857142857143,1.5396825396825398,1.2191780821917808,0.475,0.3482142857142857,12854.0,11878.0,10367.0,9217.0,9963.0,10494.0,107.11666666666666,106.05357142857144,83.025,93.69642857142856,24.091666666666665,12.357142857142858,717.0,697.0,5.975,6.223214285714286,86.39166666666667,82.29464285714286,97,86,80.83333333333333,76.78571428571429,1.41675,1.3759821428571428,1.3717897666666667,1.24370975,30,21,0.25,0.1875,2,3,0.0166666666666666,0.0267857142857142,18,25,12,20,0.1855670103092783,0.2808988764044944,0.1904761904761904,0.273972602739726,0.25,0.4017857142857143,20,8,10,9,0.2061855670103092,0.0898876404494382,0.1587301587301587,0.1232876712328767,30,17,0.6666666666666666,0.4705882352941176,24,20,10,5,2,1,1,0,24,20,0.2,0.1785714285714285,78,70,1,0,4,2,13,14,0,0,0,0,1,1,0.8041237113402062,0.7865168539325843,0.0103092783505154,0.0,283,252,73,45,65,62,89,78,55,66,1,1,2.3583333333333334,2.25,0.6083333333333333,0.4017857142857143,0.5416666666666666,0.5535714285714286,0.7416666666666667,0.6964285714285714,0.4583333333333333,0.5892857142857143,0.0083333333333333,0.0089285714285714,232,7.545684633321312,-0.40134559491440336,0
Kvem,38,36,38,36,26,15,35,27,0.6842105263157895,0.4166666666666667,0.9210526315789472,0.75,0.7428571428571429,0.5555555555555556,0.0789473684210526,0.25,4382.0,2531.0,3315.0,2250.0,4447.0,3794.0,115.3157894736842,70.30555555555556,117.02631578947368,105.38888888888889,-1.7105263157894737,-35.083333333333336,98.0,59.0,2.5789473684210527,1.6388888888888888,87.23684210526316,62.5,22,20,57.89473684210526,55.55555555555556,1.19,0.5708333333333333,0.9127548421052633,0.6496072222222223,9,8,0.2368421052631578,0.2222222222222222,0,1,0.0,0.0277777777777777,7,6,5,7,0.2692307692307692,0.4,0.1428571428571428,0.2592592592592592,0.3157894736842105,0.3611111111111111,5,1,4,7,0.1923076923076923,0.0666666666666666,0.1142857142857142,0.2592592592592592,9,8,0.5555555555555556,0.125,7,4,1,0,0,0,0,0,7,4,0.1842105263157894,0.1111111111111111,16,13,0,0,0,1,10,1,0,0,0,0,0,0,0.6153846153846154,0.8666666666666667,0.0,0.0,47,58,8,11,11,22,18,12,10,13,0,0,1.236842105263158,1.6111111111111112,0.2105263157894736,0.3055555555555556,0.2894736842105263,0.6111111111111112,0.4736842105263157,0.3333333333333333,0.2631578947368421,0.3611111111111111,0.0,0.0,74,-9.766905866045294,0.038602573884480317,1
Lucky,63,55,63,55,33,49,48,37,0.5238095238095238,0.8909090909090909,0.7619047619047619,0.6727272727272727,0.6875,1.3243243243243243,0.238095238095238,0.3272727272727272,4794.0,6453.0,4085.0,5065.0,6961.0,5420.0,76.0952380952381,117.32727272727271,110.4920634920635,98.54545454545456,-34.3968253968254,18.78181818181818,453.0,571.0,7.190476190476191,10.38181818181818,64.84126984126983,92.0909090909091,44,42,69.84126984126983,76.36363636363636,0.8628571428571429,1.6243636363636362,0.7478141587301587,1.3693626909090906,13,14,0.2063492063492063,0.2545454545454545,3,0,0.0476190476190476,0.0,12,9,15,12,0.3636363636363636,0.1836734693877551,0.3125,0.3243243243243243,0.4285714285714285,0.3818181818181818,3,10,5,4,0.0909090909090909,0.2040816326530612,0.1041666666666666,0.1081081081081081,8,14,0.375,0.7142857142857143,9,14,3,3,0,2,0,1,9,14,0.1428571428571428,0.2545454545454545,26,43,0,0,0,0,6,5,0,0,0,0,1,0,0.7878787878787878,0.8775510204081632,0.0,0.0,155,131,43,38,45,30,36,23,31,40,0,0,2.4603174603174605,2.381818181818182,0.6825396825396826,0.6909090909090909,0.7142857142857143,0.5454545454545454,0.5714285714285714,0.4181818181818181,0.492063492063492,0.7272727272727273,0.0,0.0,118,-1.7206326707088428,-3.521244921226572,1
MAJ3R,92,89,92,89,49,53,50,62,0.532608695652174,0.5955056179775281,0.5434782608695652,0.6966292134831461,0.98,0.8548387096774194,0.4565217391304347,0.3033707865168539,6459.0,7341.0,5192.0,5908.0,7504.0,8492.0,70.20652173913044,82.48314606741573,81.56521739130434,95.41573033707866,-11.358695652173912,-12.932584269662922,613.0,241.0,6.663043478260869,2.707865168539326,56.43478260869565,66.38202247191012,70,58,76.08695652173913,65.1685393258427,0.811195652173913,0.9622471910112358,0.9808471304347826,0.9095079550561797,19,22,0.2065217391304347,0.247191011235955,5,14,0.0543478260869565,0.1573033707865168,11,11,11,10,0.2244897959183673,0.2075471698113207,0.22,0.1612903225806451,0.2391304347826087,0.2359550561797752,5,4,1,5,0.1020408163265306,0.0754716981132075,0.02,0.0806451612903225,6,9,0.8333333333333334,0.4444444444444444,9,14,1,2,0,0,0,0,9,14,0.0978260869565217,0.1573033707865168,32,35,0,1,11,0,5,15,0,0,0,0,1,2,0.6530612244897959,0.660377358490566,0.0,0.0188679245283018,241,279,43,16,67,121,82,83,49,59,0,0,2.619565217391304,3.134831460674157,0.4673913043478261,0.1797752808988764,0.7282608695652174,1.3595505617977528,0.8913043478260869,0.9325842696629212,0.532608695652174,0.6629213483146067,0.0,0.0,181,-0.6038889504460304,-0.3487053690412504,1
MATYS,91,115,91,115,80,86,52,84,0.8791208791208791,0.7478260869565218,0.5714285714285714,0.7304347826086957,1.5384615384615383,1.0238095238095235,0.4285714285714285,0.2695652173913043,10728.0,12237.0,8177.0,8969.0,7428.0,11068.0,117.89010989010988,106.40869565217392,81.62637362637362,96.24347826086957,36.26373626373626,10.165217391304347,1085.0,192.0,11.923076923076923,1.6695652173913045,89.85714285714286,77.99130434782609,78,78,85.71428571428571,67.82608695652173,1.5681318681318677,1.2667826086956522,1.4200795604395604,1.079417356521739,26,22,0.2857142857142857,0.1913043478260869,4,3,0.0439560439560439,0.0260869565217391,14,22,12,24,0.175,0.2558139534883721,0.2307692307692307,0.2857142857142857,0.2857142857142857,0.4,9,9,11,22,0.1125,0.1046511627906976,0.2115384615384615,0.2619047619047619,20,31,0.45,0.2903225806451613,21,27,9,7,1,2,0,0,21,27,0.2307692307692307,0.2347826086956521,54,69,0,0,5,3,18,12,0,0,0,0,1,0,0.675,0.8023255813953488,0.0,0.0,232,234,57,10,58,81,56,73,61,70,0,0,2.5494505494505493,2.034782608695652,0.6263736263736264,0.0869565217391304,0.6373626373626373,0.7043478260869566,0.6153846153846154,0.6347826086956522,0.6703296703296703,0.6086956521739131,0.0,0.0,206,6.096648579349576,-0.49189712995593043,0
Maka,63,55,63,55,37,23,47,35,0.5873015873015873,0.4181818181818181,0.746031746031746,0.6363636363636364,0.7872340425531915,0.6571428571428571,0.2539682539682539,0.3636363636363636,5341.0,3809.0,3645.0,3032.0,7419.0,5262.0,84.77777777777777,69.25454545454545,117.76190476190476,95.67272727272729,-32.98412698412698,-26.418181818181814,377.0,492.0,5.984126984126984,8.945454545454545,57.85714285714285,55.127272727272725,50,37,79.36507936507937,67.27272727272727,0.9342857142857144,0.6178181818181819,0.946572888888889,0.7812210181818182,14,16,0.2222222222222222,0.2909090909090909,7,4,0.1111111111111111,0.0727272727272727,9,9,6,9,0.2432432432432432,0.391304347826087,0.1276595744680851,0.2571428571428571,0.238095238095238,0.3272727272727272,6,3,4,7,0.1621621621621621,0.1304347826086956,0.0851063829787234,0.2,10,10,0.6,0.3,5,3,0,0,0,0,0,0,5,3,0.0793650793650793,0.0545454545454545,11,12,13,4,0,0,12,5,0,0,1,0,0,1,0.2972972972972973,0.5217391304347826,0.3513513513513513,0.1739130434782608,174,217,45,25,49,65,40,84,39,42,1,1,2.761904761904762,3.945454545454545,0.7142857142857143,0.4545454545454545,0.7777777777777778,1.181818181818182,0.6349206349206349,1.5272727272727271,0.6190476190476191,0.7636363636363637,0.0158730158730158,0.0181818181818181,118,-4.9813104470890135,-0.89106290864097,1
MartinezSa,61,59,61,59,55,29,37,40,0.9016393442622952,0.4915254237288136,0.6065573770491803,0.6779661016949152,1.4864864864864864,0.725,0.3934426229508196,0.3220338983050847,8537.0,4134.0,5538.0,2876.0,5124.0,5959.0,139.95081967213116,70.0677966101695,84.0,101.0,55.950819672131146,-30.93220338983051,51.0,51.0,0.8360655737704918,0.864406779661017,90.78688524590164,48.74576271186441,49,41,80.32786885245902,69.49152542372882,1.579344262295082,0.7223728813559321,1.3988089836065574,0.8085400677966103,10,12,0.1639344262295081,0.2033898305084746,0,7,0.0,0.1186440677966101,5,9,9,7,0.0909090909090909,0.3103448275862069,0.2432432432432432,0.175,0.2295081967213114,0.2711864406779661,13,3,4,2,0.2363636363636363,0.1034482758620689,0.1081081081081081,0.05,17,5,0.7647058823529411,0.6,15,5,4,4,0,0,0,0,15,5,0.2459016393442623,0.0847457627118644,14,10,31,9,0,0,7,10,0,0,1,0,0,0,0.2545454545454545,0.3448275862068966,0.5636363636363636,0.3103448275862069,91,130,14,0,25,59,27,50,25,21,0,0,1.4918032786885247,2.2033898305084745,0.2295081967213114,0.0,0.4098360655737705,1.0,0.4426229508196721,0.847457627118644,0.4098360655737705,0.3559322033898305,0.0,0.0,120,-3.9486859392895624,8.223992772875082,1
NAF,42,44,42,44,23,25,28,39,0.5476190476190477,0.5681818181818182,0.6666666666666666,0.8863636363636364,0.8214285714285714,0.6410256410256411,0.3333333333333333,0.1136363636363636,3896.0,3724.0,3235.0,2885.0,3815.0,4596.0,92.76190476190476,84.63636363636364,90.83333333333331,104.45454545454544,1.9285714285714288,-19.818181818181817,73.0,253.0,1.738095238095238,5.75,77.02380952380952,65.56818181818181,32,28,76.19047619047619,63.63636363636363,0.8964285714285714,0.9147727272727272,0.9806209523809524,0.7651477272727271,14,12,0.3333333333333333,0.2727272727272727,0,2,0.0,0.0454545454545454,7,11,9,8,0.3043478260869565,0.44,0.3214285714285714,0.2051282051282051,0.3809523809523809,0.4318181818181818,5,1,4,7,0.217391304347826,0.04,0.1428571428571428,0.1794871794871795,9,8,0.5555555555555556,0.125,6,5,1,1,0,1,0,0,6,5,0.1428571428571428,0.1136363636363636,14,14,0,0,1,4,6,5,1,0,0,0,0,1,0.6086956521739131,0.56,0.0,0.0,100,121,25,21,19,41,32,31,24,26,0,2,2.380952380952381,2.75,0.5952380952380952,0.4772727272727273,0.4523809523809524,0.9318181818181818,0.7619047619047619,0.7045454545454546,0.5714285714285714,0.5909090909090909,0.0,0.0454545454545454,86,-6.540314721139827,-2.5199667720010352,1
NertZ,91,115,91,115,73,81,51,83,0.8021978021978022,0.7043478260869566,0.5604395604395604,0.7217391304347827,1.431372549019608,0.9759036144578314,0.4395604395604395,0.2782608695652174,10240.0,11060.0,8060.0,8247.0,7753.0,11797.0,112.52747252747253,96.17391304347828,85.1978021978022,102.58260869565216,27.32967032967033,-6.408695652173913,863.0,480.0,9.483516483516484,4.173913043478261,88.57142857142857,71.71304347826087,76,83,83.51648351648352,72.17391304347827,1.418131868131868,1.1298260869565215,1.3426094505494506,1.0125304,29,21,0.3186813186813186,0.1826086956521739,2,1,0.0219780219780219,0.008695652173913,11,19,15,24,0.1506849315068493,0.2345679012345679,0.2941176470588235,0.2891566265060241,0.2857142857142857,0.3739130434782609,16,13,11,16,0.2191780821917808,0.1604938271604938,0.2156862745098039,0.1927710843373494,27,29,0.5925925925925926,0.4482758620689655,19,21,7,7,0,2,0,0,19,21,0.2087912087912088,0.1826086956521739,51,68,2,1,5,1,12,9,0,0,0,0,1,0,0.6986301369863014,0.8395061728395061,0.0273972602739726,0.0123456790123456,209,224,67,34,35,57,54,69,53,63,0,1,2.2967032967032965,1.9478260869565216,0.7362637362637363,0.2956521739130435,0.3846153846153846,0.4956521739130435,0.5934065934065934,0.6,0.5824175824175825,0.5478260869565217,0.0,0.008695652173913,206,4.885929081233988,-1.1892712587483578,0
NiKo,104,125,104,125,73,92,69,83,0.7019230769230769,0.736,0.6634615384615384,0.664,1.0579710144927537,1.108433734939759,0.3365384615384615,0.336,9905.0,13841.0,8144.0,10294.0,9801.0,12872.0,95.2403846153846,110.728,94.2403846153846,102.976,1.0,7.752,955.0,367.0,9.182692307692308,2.936,78.3076923076923,82.352,79,89,75.96153846153847,71.2,1.2176923076923076,1.24504,1.1327548846153843,1.136081888,26,26,0.25,0.208,2,2,0.0192307692307692,0.016,21,24,19,20,0.2876712328767123,0.2608695652173913,0.2753623188405797,0.2409638554216867,0.3846153846153846,0.352,12,11,12,13,0.1643835616438356,0.1195652173913043,0.1739130434782608,0.1566265060240964,24,24,0.5,0.4583333333333333,18,23,4,9,0,1,0,0,18,23,0.173076923076923,0.184,61,66,0,3,0,1,11,22,0,0,0,0,1,0,0.8356164383561644,0.717391304347826,0.0,0.0326086956521739,243,251,65,34,44,77,74,71,60,68,0,1,2.3365384615384617,2.008,0.625,0.272,0.4230769230769231,0.616,0.7115384615384616,0.568,0.5769230769230769,0.544,0.0,0.008,229,5.339629591066318,-1.8436258603695352,0
SH1R0,166,154,166,154,135,95,88,94,0.8132530120481928,0.6168831168831169,0.5301204819277109,0.6103896103896104,1.5340909090909092,1.0106382978723405,0.4698795180722891,0.3896103896103896,17723.0,14729.0,12513.0,10387.0,13111.0,13215.0,106.76506024096386,95.64285714285714,78.98192771084338,85.81168831168831,27.783132530120483,9.831168831168831,681.0,499.0,4.102409638554217,3.24025974025974,75.37951807228916,67.44805194805195,127,120,76.50602409638554,77.92207792207792,1.352590361445783,0.9383116883116884,1.284383228915663,1.012607792207792,12,31,0.072289156626506,0.2012987012987013,3,9,0.0180722891566265,0.0584415584415584,26,33,20,21,0.1925925925925926,0.3473684210526316,0.2272727272727272,0.2234042553191489,0.2771084337349397,0.3506493506493506,26,13,10,10,0.1925925925925926,0.1368421052631579,0.1136363636363636,0.1063829787234042,36,23,0.7222222222222222,0.5652173913043478,38,22,10,2,3,0,0,0,38,22,0.2289156626506024,0.1428571428571428,24,48,76,30,8,0,23,17,0,0,1,0,2,0,0.1777777777777777,0.5052631578947369,0.562962962962963,0.3157894736842105,318,343,63,28,95,132,98,127,62,56,0,0,1.9156626506024097,2.227272727272727,0.3795180722891566,0.1818181818181818,0.572289156626506,0.8571428571428571,0.5903614457831325,0.8246753246753247,0.3734939759036144,0.3636363636363636,0.0,0.0,320,9.80833630199119,6.348873379818527,2
Spinx,95,84,95,84,82,39,57,56,0.8631578947368421,0.4642857142857143,0.6,0.6666666666666666,1.4385964912280702,0.6964285714285714,0.4,0.3333333333333333,10790.0,5318.0,8642.0,4069.0,9020.0,8769.0,113.57894736842104,63.30952380952381,94.94736842105264,104.39285714285714,18.63157894736842,-41.083333333333336,605.0,67.0,6.368421052631579,0.7976190476190477,90.96842105263158,48.44047619047619,79,53,83.15789473684211,63.095238095238095,1.5434736842105263,0.6289285714285714,1.4054993263157896,0.7262544761904761,26,10,0.2736842105263158,0.119047619047619,3,0,0.031578947368421,0.0,21,12,13,14,0.2560975609756097,0.3076923076923077,0.2280701754385964,0.25,0.3578947368421052,0.3095238095238095,12,8,5,4,0.1463414634146341,0.2051282051282051,0.087719298245614,0.0714285714285714,17,12,0.7058823529411765,0.6666666666666666,19,8,7,2,2,1,0,0,19,8,0.2,0.0952380952380952,70,27,0,0,3,0,8,11,0,0,0,0,1,1,0.8536585365853658,0.6923076923076923,0.0,0.0,149,103,45,15,28,25,41,33,35,30,0,0,1.568421052631579,1.2261904761904765,0.4736842105263157,0.1785714285714285,0.2947368421052631,0.2976190476190476,0.431578947368421,0.3928571428571428,0.3684210526315789,0.3571428571428571,0.0,0.0,179,-0.9717124004315911,0.954432518252216,1
SunPayus,91,114,91,114,80,72,47,75,0.8791208791208791,0.631578947368421,0.5164835164835165,0.6578947368421053,1.702127659574468,0.96,0.4835164835164835,0.3421052631578947,11780.0,10435.0,7548.0,7859.0,7053.0,10512.0,129.45054945054946,91.53508771929825,77.50549450549451,92.21052631578948,51.94505494505494,-0.6754385964912281,373.0,305.0,4.0989010989010985,2.675438596491228,82.94505494505495,68.93859649122807,74,84,81.31868131868131,72.80701754385964,1.4514285714285713,1.0421052631578946,1.3504953406593403,1.032461052631579,22,29,0.2417582417582417,0.2543859649122807,6,12,0.0659340659340659,0.1052631578947368,12,18,9,24,0.15,0.25,0.1914893617021276,0.32,0.2307692307692307,0.3684210526315789,10,9,8,8,0.125,0.125,0.1702127659574468,0.1066666666666666,18,17,0.5555555555555556,0.5294117647058824,19,18,4,3,2,1,0,0,19,18,0.2087912087912088,0.1578947368421052,25,20,34,28,5,4,11,15,0,0,2,2,1,1,0.3125,0.2777777777777778,0.425,0.3888888888888889,210,391,36,8,66,190,63,132,44,58,1,3,2.3076923076923075,3.429824561403509,0.3956043956043956,0.0701754385964912,0.7252747252747253,1.6666666666666667,0.6923076923076923,1.1578947368421053,0.4835164835164835,0.5087719298245614,0.0109890109890109,0.0263157894736842,205,4.8733377706367325,6.985779220698674,2
TeSeS,104,125,104,125,77,73,59,82,0.7403846153846154,0.584,0.5673076923076923,0.656,1.305084745762712,0.8902439024390244,0.4326923076923077,0.344,10601.0,9836.0,7911.0,7541.0,9268.0,11654.0,101.9326923076923,78.688,89.11538461538461,93.232,12.817307692307692,-14.544,440.0,395.0,4.230769230769231,3.16,76.0673076923077,60.328,82,89,78.84615384615384,71.2,1.2718269230769228,0.9112,1.237361,0.92441824,25,23,0.2403846153846154,0.184,3,7,0.0288461538461538,0.056,18,17,11,20,0.2337662337662337,0.2328767123287671,0.1864406779661017,0.2439024390243902,0.2788461538461538,0.296,10,9,8,11,0.1298701298701298,0.1232876712328767,0.135593220338983,0.1341463414634146,18,20,0.5555555555555556,0.45,22,17,6,4,1,0,0,0,22,17,0.2115384615384615,0.136,55,58,2,0,0,2,19,13,0,0,0,0,1,0,0.7142857142857143,0.7945205479452054,0.0259740259740259,0.0,210,286,48,39,45,90,55,93,62,64,0,0,2.019230769230769,2.288,0.4615384615384615,0.312,0.4326923076923077,0.72,0.5288461538461539,0.744,0.5961538461538461,0.512,0.0,0.0,229,3.261826260975631,0.1716920532371887,0
Wicadia,92,89,92,89,78,71,62,67,0.8478260869565217,0.797752808988764,0.6739130434782609,0.7528089887640449,1.2580645161290325,1.0597014925373134,0.3260869565217391,0.247191011235955,10849.0,9306.0,8573.0,7545.0,8564.0,9867.0,117.92391304347828,104.561797752809,93.08695652173913,110.86516853932584,24.83695652173913,-6.303370786516854,291.0,477.0,3.1630434782608696,5.359550561797753,93.18478260869566,84.7752808988764,67,60,72.82608695652173,67.41573033707866,1.5008695652173911,1.3835955056179774,1.2898540869565216,1.1274034606741574,23,20,0.25,0.2247191011235955,3,0,0.0326086956521739,0.0,14,12,13,20,0.1794871794871795,0.1690140845070422,0.2096774193548387,0.2985074626865671,0.2934782608695652,0.3595505617977528,11,7,10,11,0.141025641025641,0.0985915492957746,0.1612903225806451,0.1641791044776119,21,18,0.5238095238095238,0.3888888888888889,21,23,6,6,0,3,0,0,21,23,0.2282608695652173,0.2584269662921348,59,53,5,0,1,6,12,10,0,0,0,0,1,2,0.7564102564102564,0.7464788732394366,0.0641025641025641,0.0,145,156,41,26,28,34,38,48,38,48,0,0,1.576086956521739,1.752808988764045,0.4456521739130434,0.2921348314606741,0.3043478260869565,0.3820224719101123,0.4130434782608695,0.5393258426966292,0.4130434782608695,0.5393258426966292,0.0,0.0,181,2.6407277058107095,-0.1059870632781109,0
XANTARES,92,89,92,89,71,62,63,62,0.7717391304347826,0.6966292134831461,0.6847826086956522,0.6966292134831461,1.126984126984127,1.0,0.3152173913043478,0.3033707865168539,9994.0,8392.0,8296.0,6599.0,8760.0,8514.0,108.6304347826087,94.29213483146069,95.21739130434784,95.6629213483146,13.41304347826087,-1.3707865168539326,771.0,427.0,8.380434782608695,4.797752808988764,90.17391304347828,74.14606741573034,70,64,76.08695652173913,71.91011235955057,1.3707608695652171,1.1776404494382022,1.2321118695652171,1.0627688988764046,30,22,0.3260869565217391,0.247191011235955,0,1,0.0,0.0112359550561797,8,18,15,15,0.1126760563380281,0.2903225806451613,0.238095238095238,0.2419354838709677,0.25,0.3707865168539326,13,10,9,9,0.1830985915492957,0.1612903225806451,0.1428571428571428,0.1451612903225806,22,19,0.5909090909090909,0.5263157894736842,17,16,5,3,2,0,0,0,17,16,0.1847826086956521,0.1797752808988764,56,51,1,0,2,1,12,8,0,0,0,0,0,2,0.7887323943661971,0.8225806451612904,0.0140845070422535,0.0,182,164,60,28,25,48,54,36,43,52,0,0,1.9782608695652173,1.8426966292134832,0.6521739130434783,0.3146067415730337,0.2717391304347826,0.5393258426966292,0.5869565217391305,0.4044943820224719,0.4673913043478261,0.5842696629213483,0.0,0.0,181,1.941444208456365,-0.7573928459283558,0
YEKINDAR,120,112,120,112,73,78,72,84,0.6083333333333333,0.6964285714285714,0.6,0.75,1.0138888888888888,0.9285714285714286,0.4,0.25,10894.0,10974.0,9282.0,8457.0,10869.0,12600.0,90.78333333333332,97.98214285714286,90.575,112.5,0.2083333333333333,-14.517857142857142,1263.0,292.0,10.525,2.607142857142857,77.35,75.50892857142857,94,83,78.33333333333333,74.10714285714286,1.02575,1.1633928571428571,1.1139904,1.061162142857143,40,24,0.3333333333333333,0.2142857142857142,7,4,0.0583333333333333,0.0357142857142857,16,17,13,23,0.2191780821917808,0.2179487179487179,0.1805555555555555,0.2738095238095238,0.2416666666666666,0.3571428571428571,11,22,11,21,0.1506849315068493,0.282051282051282,0.1527777777777778,0.25,22,43,0.5,0.5116279069767442,17,19,4,4,1,1,0,0,17,19,0.1416666666666666,0.1696428571428571,59,54,1,0,3,9,8,13,0,0,0,0,2,1,0.8082191780821918,0.6923076923076923,0.0136986301369863,0.0,294,227,70,19,86,96,74,71,64,41,0,0,2.45,2.0267857142857144,0.5833333333333334,0.1696428571428571,0.7166666666666667,0.8571428571428571,0.6166666666666667,0.6339285714285714,0.5333333333333333,0.3660714285714285,0.0,0.0,232,5.0930949475334755,-2.4044574679387187,0
ZywOo,176,155,176,155,171,135,89,102,0.9715909090909092,0.8709677419354839,0.5056818181818182,0.6580645161290323,1.9213483146067416,1.3235294117647058,0.4943181818181818,0.3419354838709677,24312.0,20274.0,15466.0,14604.0,13560.0,14629.0,138.13636363636363,130.8,77.04545454545455,94.38064516129032,61.09090909090909,36.41935483870968,887.0,526.0,5.039772727272728,3.393548387096774,87.875,94.21935483870968,144,124,81.81818181818181,80.0,1.7430113636363636,1.553548387096774,1.5300354772727274,1.365366193548387,35,40,0.1988636363636363,0.2580645161290322,6,8,0.034090909090909,0.0516129032258064,31,36,20,34,0.1812865497076023,0.2666666666666666,0.2247191011235955,0.3333333333333333,0.2897727272727273,0.4516129032258064,33,23,16,15,0.1929824561403508,0.1703703703703703,0.1797752808988764,0.1470588235294117,49,38,0.673469387755102,0.6052631578947368,48,33,16,12,4,2,0,1,48,33,0.2727272727272727,0.2129032258064516,33,78,93,31,4,0,33,22,0,0,1,0,4,2,0.1929824561403508,0.5777777777777777,0.543859649122807,0.2296296296296296,346,292,85,18,85,123,89,95,87,55,0,1,1.9659090909090908,1.8838709677419356,0.4829545454545454,0.1161290322580645,0.4829545454545454,0.7935483870967742,0.5056818181818182,0.6129032258064516,0.4943181818181818,0.3548387096774194,0.0,0.0064516129032258,331,17.816331870901095,6.982480632660508,2
alex ,61,59,61,59,51,23,40,45,0.8360655737704918,0.3898305084745763,0.6557377049180327,0.7627118644067796,1.275,0.5111111111111111,0.3442622950819672,0.2372881355932203,5533.0,3785.0,4541.0,3283.0,5745.0,6078.0,90.70491803278688,64.15254237288136,94.18032786885246,103.01694915254237,-3.4754098360655736,-38.86440677966102,182.0,332.0,2.9836065573770494,5.627118644067797,74.44262295081967,55.644067796610166,47,40,77.04918032786885,67.79661016949153,1.4121311475409837,0.5823728813559321,1.2451214426229509,0.6483269830508476,6,16,0.0983606557377049,0.2711864406779661,0,4,0.0,0.0677966101694915,8,10,12,15,0.1568627450980392,0.4347826086956521,0.3,0.3333333333333333,0.3278688524590163,0.423728813559322,5,5,4,11,0.0980392156862745,0.217391304347826,0.1,0.2444444444444444,9,16,0.5555555555555556,0.3125,12,5,1,1,1,0,0,0,12,5,0.1967213114754098,0.0847457627118644,35,17,0,1,0,2,13,2,0,0,0,0,1,1,0.6862745098039216,0.7391304347826086,0.0,0.0434782608695652,163,146,39,16,40,50,48,43,36,37,0,0,2.672131147540984,2.4745762711864407,0.639344262295082,0.2711864406779661,0.6557377049180327,0.847457627118644,0.7868852459016393,0.7288135593220338,0.5901639344262295,0.6271186440677966,0.0,0.0,120,-4.188827107972732,-1.693471341773527,1
alex666,60,64,60,64,34,37,40,53,0.5666666666666667,0.578125,0.6666666666666666,0.828125,0.85,0.6981132075471698,0.3333333333333333,0.171875,4308.0,5963.0,3691.0,4819.0,5560.0,7077.0,71.8,93.171875,92.66666666666669,110.578125,-20.866666666666667,-17.40625,293.0,190.0,4.883333333333334,2.96875,61.516666666666666,75.296875,44,43,73.33333333333333,67.1875,0.8669999999999999,0.92640625,0.9536440666666668,0.8761591874999999,10,16,0.1666666666666666,0.25,1,0,0.0166666666666666,0.0,6,21,7,11,0.1764705882352941,0.5675675675675675,0.175,0.2075471698113207,0.2166666666666666,0.5,6,5,6,5,0.1764705882352941,0.1351351351351351,0.15,0.0943396226415094,12,10,0.5,0.5,9,7,1,0,0,0,0,0,9,7,0.15,0.109375,28,31,0,0,1,1,4,5,0,0,0,0,0,0,0.8235294117647058,0.8378378378378378,0.0,0.0,116,138,21,19,25,44,47,42,23,33,0,0,1.9333333333333331,2.15625,0.35,0.296875,0.4166666666666667,0.6875,0.7833333333333333,0.65625,0.3833333333333333,0.515625,0.0,0.0,124,-5.380047555261568,-1.523716840794661,1
apEX,176,155,176,155,148,76,108,113,0.8409090909090909,0.4903225806451612,0.6136363636363636,0.7290322580645161,1.3703703703703705,0.672566371681416,0.3863636363636363,0.2709677419354839,20113.0,11523.0,15920.0,9228.0,16122.0,14927.0,114.2784090909091,74.34193548387097,91.60227272727272,96.3032258064516,22.676136363636363,-21.961290322580645,2675.0,948.0,15.198863636363637,6.116129032258065,90.45454545454544,59.53548387096775,145,100,82.38636363636364,64.51612903225806,1.5310227272727273,0.7536129032258063,1.3501688181818183,0.7818021419354838,64,44,0.3636363636363636,0.2838709677419355,13,13,0.0738636363636363,0.0838709677419354,28,21,32,24,0.1891891891891892,0.2763157894736842,0.2962962962962963,0.2123893805309734,0.3409090909090909,0.2903225806451613,21,14,7,25,0.1418918918918918,0.1842105263157894,0.0648148148148148,0.2212389380530973,28,39,0.75,0.358974358974359,44,15,10,3,1,1,0,0,44,15,0.25,0.0967741935483871,117,60,1,0,5,1,16,12,4,0,0,0,3,1,0.7905405405405406,0.7894736842105263,0.0067567567567567,0.0,463,397,145,39,116,181,102,103,100,72,0,2,2.6306818181818183,2.5612903225806454,0.8238636363636364,0.2516129032258064,0.6590909090909091,1.167741935483871,0.5795454545454546,0.6645161290322581,0.5681818181818182,0.4645161290322581,0.0,0.0129032258064516,331,13.180060948176708,-3.9378112816495645,0
arT,54,58,54,58,35,15,33,49,0.6481481481481481,0.2586206896551724,0.6111111111111112,0.8448275862068966,1.0606060606060606,0.3061224489795918,0.3888888888888889,0.1551724137931034,4637.0,2623.0,3772.0,2191.0,4594.0,6506.0,85.87037037037037,45.22413793103448,85.07407407407408,112.17241379310344,0.7962962962962963,-66.94827586206897,344.0,264.0,6.37037037037037,4.551724137931035,69.85185185185185,37.77586206896552,39,30,72.22222222222223,51.72413793103448,1.094074074074074,0.2127586206896552,1.046318074074074,0.3551904827586206,11,8,0.2037037037037037,0.1379310344827586,1,1,0.0185185185185185,0.0172413793103448,5,0,9,13,0.1428571428571428,0.0,0.2727272727272727,0.2653061224489796,0.2592592592592592,0.2241379310344827,6,5,3,18,0.1714285714285714,0.3333333333333333,0.0909090909090909,0.3673469387755102,9,23,0.6666666666666666,0.217391304347826,10,2,3,0,0,0,0,0,10,2,0.1851851851851851,0.0344827586206896,27,9,0,0,4,2,2,4,0,0,0,0,1,0,0.7714285714285715,0.6,0.0,0.0,117,129,18,13,33,50,37,35,28,30,1,1,2.1666666666666665,2.2241379310344827,0.3333333333333333,0.2241379310344827,0.6111111111111112,0.8620689655172413,0.6851851851851852,0.603448275862069,0.5185185185185185,0.5172413793103449,0.0185185185185185,0.0172413793103448,112,-7.389823619861906,-2.3062557651509517,1
b1t,117,129,117,129,85,84,68,86,0.7264957264957265,0.6511627906976745,0.5811965811965812,0.6666666666666666,1.25,0.9767441860465116,0.4188034188034188,0.3333333333333333,11478.0,11611.0,9327.0,9304.0,9650.0,11819.0,98.1025641025641,90.0077519379845,82.47863247863248,91.62015503875968,15.623931623931623,-1.6124031007751938,342.0,358.0,2.923076923076923,2.7751937984496124,79.71794871794872,72.12403100775194,93,95,79.48717948717949,73.64341085271317,1.2227350427350427,1.0382945736434108,1.1747062564102564,1.024869519379845,30,28,0.2564102564102564,0.2170542635658914,4,6,0.0341880341880341,0.0465116279069767,16,27,16,25,0.188235294117647,0.3214285714285714,0.2352941176470588,0.2906976744186046,0.2735042735042735,0.4031007751937984,11,9,10,9,0.1294117647058823,0.1071428571428571,0.1470588235294117,0.1046511627906976,21,18,0.5238095238095238,0.5,20,16,6,8,1,2,0,0,20,16,0.1709401709401709,0.1240310077519379,61,63,0,0,2,2,22,17,0,0,0,0,0,0,0.7176470588235294,0.75,0.0,0.0,294,241,53,16,71,94,101,69,68,59,1,3,2.5128205128205128,1.8682170542635657,0.452991452991453,0.1240310077519379,0.6068376068376068,0.7286821705426356,0.8632478632478633,0.5348837209302325,0.5811965811965812,0.4573643410852713,0.0085470085470085,0.0232558139534883,246,5.4721658223180265,-0.5041247868376149,0
chay,84,71,84,71,50,50,50,55,0.5952380952380952,0.704225352112676,0.5952380952380952,0.7746478873239436,1.0,0.9090909090909092,0.4047619047619047,0.2253521126760563,6930.0,7124.0,5445.0,5733.0,7322.0,7567.0,82.5,100.33802816901408,87.16666666666667,106.5774647887324,-4.666666666666667,-6.23943661971831,267.0,91.0,3.1785714285714284,1.2816901408450705,64.82142857142857,80.74647887323944,66,53,78.57142857142857,74.64788732394366,0.9528571428571428,1.1787323943661971,1.0535748571428571,1.0816910985915495,19,15,0.2261904761904762,0.2112676056338028,6,2,0.0714285714285714,0.028169014084507,13,20,12,14,0.26,0.4,0.24,0.2545454545454545,0.2976190476190476,0.4788732394366197,3,4,7,8,0.06,0.08,0.14,0.1454545454545454,10,12,0.3,0.3333333333333333,10,10,1,5,0,1,0,0,10,10,0.119047619047619,0.1408450704225352,42,36,0,0,2,0,6,14,0,0,0,0,0,0,0.84,0.72,0.0,0.0,175,118,38,15,51,44,44,30,42,29,0,0,2.083333333333333,1.6619718309859155,0.4523809523809524,0.2112676056338028,0.6071428571428571,0.6197183098591549,0.5238095238095238,0.4225352112676056,0.5,0.4084507042253521,0.0,0.0,155,-2.117031687667041,-1.1265142468437523,1
dav1deuS,84,71,84,71,65,39,56,55,0.7738095238095238,0.5492957746478874,0.6666666666666666,0.7746478873239436,1.1607142857142858,0.7090909090909091,0.3333333333333333,0.2253521126760563,9188.0,5865.0,6705.0,4573.0,7827.0,7710.0,109.38095238095238,82.6056338028169,93.17857142857144,108.59154929577464,16.202380952380953,-25.985915492957748,163.0,507.0,1.9404761904761905,7.140845070422535,79.82142857142857,64.40845070422536,63,48,75.0,67.6056338028169,1.3232142857142857,0.8601408450704225,1.1981033333333333,0.8295085070422535,17,14,0.2023809523809523,0.1971830985915492,0,0,0.0,0.0,10,11,11,17,0.1538461538461538,0.282051282051282,0.1964285714285714,0.3090909090909091,0.25,0.3943661971830985,8,4,8,19,0.123076923076923,0.1025641025641025,0.1428571428571428,0.3454545454545454,16,23,0.5,0.1739130434782608,18,9,4,4,0,2,0,0,18,9,0.2142857142857142,0.1267605633802817,45,27,4,0,3,4,13,8,0,0,0,0,0,0,0.6923076923076923,0.6923076923076923,0.0615384615384615,0.0,164,104,38,21,33,16,45,27,48,40,0,0,1.9523809523809523,1.4647887323943662,0.4523809523809524,0.2957746478873239,0.3928571428571428,0.2253521126760563,0.5357142857142857,0.380281690140845,0.5714285714285714,0.5633802816901409,0.0,0.0,155,-1.7576376556514703,-1.75437225453166,1
dav1g,61,59,61,59,36,40,42,46,0.5901639344262295,0.6779661016949152,0.6885245901639344,0.7796610169491526,0.8571428571428571,0.8695652173913043,0.3114754098360656,0.2203389830508474,5227.0,5864.0,4374.0,4416.0,5855.0,6058.0,85.68852459016394,99.38983050847456,95.98360655737704,102.67796610169492,-10.295081967213116,-3.288135593220339,361.0,319.0,5.918032786885246,5.406779661016949,71.70491803278688,74.84745762711864,50,39,81.9672131147541,66.10169491525424,0.984590163934426,1.0910169491525423,1.0449136393442622,0.9675197288135592,19,8,0.3114754098360656,0.135593220338983,1,0,0.0163934426229508,0.0,8,20,13,9,0.2222222222222222,0.5,0.3095238095238095,0.1956521739130435,0.3442622950819672,0.4915254237288136,9,9,3,6,0.25,0.225,0.0714285714285714,0.1304347826086956,12,15,0.75,0.6,11,6,0,3,0,0,0,0,11,6,0.180327868852459,0.1016949152542373,20,31,0,0,5,1,9,8,0,0,0,0,0,0,0.5555555555555556,0.775,0.0,0.0,125,100,31,16,31,29,34,30,29,25,0,0,2.0491803278688523,1.694915254237288,0.5081967213114754,0.2711864406779661,0.5081967213114754,0.4915254237288136,0.5573770491803278,0.5084745762711864,0.4754098360655737,0.423728813559322,0.0,0.0,120,-3.8510081162250454,-1.086483438521647,1
donk,166,154,166,154,118,135,104,118,0.7108433734939759,0.8766233766233766,0.6265060240963856,0.7662337662337663,1.1346153846153846,1.1440677966101696,0.3734939759036144,0.2337662337662337,16812.0,18239.0,12896.0,14464.0,14665.0,16051.0,101.27710843373494,118.43506493506491,88.3433734939759,104.22727272727272,12.933734939759036,14.207792207792208,668.0,603.0,4.024096385542169,3.915584415584416,77.6867469879518,93.92207792207792,126,116,75.90361445783132,75.32467532467533,1.2027710843373496,1.5499350649350647,1.1680900722891563,1.2737543376623377,39,34,0.2349397590361445,0.2207792207792207,2,0,0.0120481927710843,0.0,27,35,28,30,0.2288135593220339,0.2592592592592592,0.2692307692307692,0.2542372881355932,0.3313253012048193,0.422077922077922,27,32,12,25,0.2288135593220339,0.237037037037037,0.1153846153846153,0.211864406779661,39,57,0.6923076923076923,0.5614035087719298,29,35,4,11,2,3,0,0,29,35,0.1746987951807229,0.2272727272727272,99,112,3,1,1,0,13,18,0,0,0,0,1,4,0.8389830508474576,0.8296296296296296,0.0254237288135593,0.0074074074074074,364,272,117,46,73,69,99,72,73,84,2,1,2.1927710843373496,1.7662337662337662,0.7048192771084337,0.2987012987012987,0.4397590361445783,0.448051948051948,0.5963855421686747,0.4675324675324675,0.4397590361445783,0.5454545454545454,0.0120481927710843,0.0064935064935064,320,13.561935631074634,-3.4841307119808183,0
drop,84,71,84,71,52,37,62,58,0.6190476190476191,0.5211267605633803,0.7380952380952381,0.8169014084507042,0.8387096774193549,0.6379310344827587,0.2619047619047619,0.1830985915492957,7307.0,5945.0,6017.0,4561.0,8737.0,8393.0,86.98809523809524,83.73239436619718,104.01190476190476,118.2112676056338,-17.023809523809526,-34.478873239436616,516.0,187.0,6.142857142857143,2.6338028169014085,71.63095238095238,64.2394366197183,57,50,67.85714285714286,70.4225352112676,1.008571428571429,0.863943661971831,0.9514783809523812,0.7882020845070423,20,23,0.238095238095238,0.323943661971831,3,5,0.0357142857142857,0.0704225352112676,18,14,12,15,0.3461538461538461,0.3783783783783784,0.1935483870967742,0.2586206896551724,0.3571428571428571,0.4084507042253521,10,4,14,8,0.1923076923076923,0.1081081081081081,0.2258064516129032,0.1379310344827586,24,12,0.4166666666666667,0.3333333333333333,11,10,1,0,0,0,0,0,11,10,0.1309523809523809,0.1408450704225352,38,28,0,0,3,1,11,8,0,0,0,0,0,0,0.7307692307692307,0.7567567567567568,0.0,0.0,214,191,62,17,58,61,60,78,34,35,0,0,2.5476190476190474,2.6901408450704225,0.7380952380952381,0.2394366197183098,0.6904761904761905,0.8591549295774648,0.7142857142857143,1.0985915492957747,0.4047619047619047,0.4929577464788732,0.0,0.0,155,-2.4542287090025434,-2.610772354525097,1
dukefissura,62,76,62,76,38,36,47,60,0.6129032258064516,0.4736842105263157,0.7580645161290323,0.7894736842105263,0.8085106382978723,0.6,0.2419354838709677,0.2105263157894736,5093.0,5447.0,4260.0,4124.0,6516.0,7927.0,82.14516129032258,71.67105263157895,105.09677419354838,104.30263157894736,-22.951612903225808,-32.63157894736842,359.0,173.0,5.790322580645161,2.276315789473684,68.70967741935483,54.26315789473684,40,45,64.51612903225806,59.21052631578947,0.9898387096774192,0.708421052631579,0.8603655483870968,0.6569874736842106,12,13,0.1935483870967742,0.1710526315789473,1,4,0.0161290322580645,0.0526315789473684,10,7,9,13,0.2631578947368421,0.1944444444444444,0.1914893617021276,0.2166666666666666,0.3064516129032258,0.2631578947368421,4,6,4,12,0.1052631578947368,0.1666666666666666,0.0851063829787234,0.2,8,18,0.5,0.3333333333333333,8,10,1,3,0,0,0,0,8,10,0.1290322580645161,0.131578947368421,22,33,1,0,6,0,9,2,0,0,0,0,0,0,0.5789473684210527,0.9166666666666666,0.0263157894736842,0.0,113,174,26,13,25,56,34,66,28,39,0,0,1.8225806451612905,2.289473684210526,0.4193548387096774,0.1710526315789473,0.4032258064516129,0.7368421052631579,0.5483870967741935,0.868421052631579,0.4516129032258064,0.5131578947368421,0.0,0.0,138,-5.843178637403614,-1.5257224891415873,1
dumau,54,58,54,58,42,39,30,41,0.7777777777777778,0.6724137931034483,0.5555555555555556,0.7068965517241379,1.4,0.951219512195122,0.4444444444444444,0.293103448275862,6182.0,5400.0,4958.0,4254.0,4083.0,6345.0,114.48148148148148,93.10344827586206,75.61111111111111,109.39655172413794,38.87037037037037,-16.29310344827586,663.0,169.0,12.27777777777778,2.913793103448276,91.8148148148148,73.34482758620689,44,36,81.48148148148148,62.06896551724138,1.3788888888888888,1.0874137931034482,1.357639111111111,0.9692000689655176,17,9,0.3148148148148148,0.1551724137931034,3,2,0.0555555555555555,0.0344827586206896,6,17,6,3,0.1428571428571428,0.4358974358974359,0.2,0.073170731707317,0.2222222222222222,0.3448275862068966,8,4,5,5,0.1904761904761904,0.1025641025641025,0.1666666666666666,0.1219512195121951,13,9,0.6153846153846154,0.4444444444444444,10,11,3,2,0,2,0,0,10,11,0.1851851851851851,0.1896551724137931,33,36,0,0,4,0,4,3,0,0,0,0,0,0,0.7857142857142857,0.9230769230769232,0.0,0.0,183,147,46,18,54,51,43,41,40,37,0,0,3.388888888888889,2.534482758620689,0.8518518518518519,0.3103448275862069,1.0,0.8793103448275862,0.7962962962962963,0.7068965517241379,0.7407407407407407,0.6379310344827587,0.0,0.0,112,-1.7683648693721987,-0.6963401727149553,1
esenthial,61,64,61,64,32,38,38,44,0.5245901639344263,0.59375,0.6229508196721312,0.6875,0.8421052631578947,0.8636363636363636,0.3770491803278688,0.3125,4110.0,5102.0,3391.0,4049.0,4710.0,6653.0,67.37704918032787,79.71875,77.21311475409836,103.953125,-9.836065573770492,-24.234375,300.0,216.0,4.918032786885246,3.375,55.59016393442623,63.265625,46,40,75.40983606557377,62.5,0.6844262295081968,0.98484375,0.8063360655737705,0.8896846250000001,8,14,0.1311475409836065,0.21875,0,2,0.0,0.03125,13,12,12,9,0.40625,0.3157894736842105,0.3157894736842105,0.2045454545454545,0.4098360655737705,0.328125,6,3,4,8,0.1875,0.0789473684210526,0.1052631578947368,0.1818181818181818,10,11,0.6,0.2727272727272727,7,11,2,2,0,0,0,0,7,11,0.1147540983606557,0.171875,21,30,0,0,5,3,5,4,0,0,0,0,0,1,0.65625,0.7894736842105263,0.0,0.0,120,99,30,23,11,13,35,33,44,30,0,0,1.9672131147540983,1.546875,0.4918032786885246,0.359375,0.180327868852459,0.203125,0.5737704918032787,0.515625,0.7213114754098361,0.46875,0.0,0.0,125,-5.292741446396398,-2.055053833021607,1
flameZ,176,155,176,155,152,88,101,126,0.8636363636363636,0.567741935483871,0.5738636363636364,0.8129032258064516,1.504950495049505,0.6984126984126984,0.4261363636363636,0.1870967741935484,19612.0,11356.0,15466.0,8992.0,14687.0,17108.0,111.4318181818182,73.26451612903226,83.44886363636364,110.3741935483871,27.982954545454547,-37.10967741935484,649.0,374.0,3.6875,2.412903225806452,87.875,58.01290322580645,150,115,85.22727272727273,74.19354838709677,1.5393181818181818,0.901483870967742,1.43150525,0.8545222967741934,46,28,0.2613636363636363,0.1806451612903225,4,5,0.0227272727272727,0.032258064516129,23,31,33,47,0.1513157894736842,0.3522727272727273,0.3267326732673267,0.373015873015873,0.3181818181818182,0.5032258064516129,32,13,9,20,0.2105263157894736,0.1477272727272727,0.0891089108910891,0.1587301587301587,41,33,0.7804878048780488,0.3939393939393939,38,22,15,3,2,0,0,0,38,22,0.2159090909090909,0.1419354838709677,112,48,0,1,22,19,15,18,0,0,0,0,1,0,0.7368421052631579,0.5454545454545454,0.0,0.0113636363636363,502,354,90,16,138,163,140,84,134,91,0,0,2.852272727272727,2.2838709677419358,0.5113636363636364,0.1032258064516129,0.7840909090909091,1.0516129032258064,0.7954545454545454,0.5419354838709678,0.7613636363636364,0.5870967741935483,0.0,0.0,331,12.966342757856571,-3.483154048097974,0
frontales,62,76,62,76,35,44,43,51,0.5645161290322581,0.5789473684210527,0.6935483870967742,0.6710526315789473,0.813953488372093,0.8627450980392157,0.3064516129032258,0.3289473684210526,5466.0,6164.0,4208.0,4244.0,5688.0,7484.0,88.16129032258064,81.10526315789474,91.74193548387096,98.47368421052632,-3.5806451612903225,-17.36842105263158,121.0,179.0,1.9516129032258065,2.3552631578947367,67.87096774193549,55.8421052631579,42,52,67.74193548387096,68.42105263157895,0.8737096774193549,0.9060526315789472,0.9107729677419356,0.9020801578947368,12,15,0.1935483870967742,0.1973684210526315,6,9,0.0967741935483871,0.1184210526315789,5,10,6,12,0.1428571428571428,0.2272727272727272,0.1395348837209302,0.2352941176470588,0.1774193548387097,0.2894736842105263,11,6,6,1,0.3142857142857143,0.1363636363636363,0.1395348837209302,0.0196078431372549,17,7,0.6470588235294118,0.8571428571428571,8,10,1,0,0,0,0,0,8,10,0.1290322580645161,0.131578947368421,10,7,15,27,0,1,9,8,0,0,1,0,0,0,0.2857142857142857,0.1590909090909091,0.4285714285714285,0.6136363636363636,131,204,21,2,60,88,34,70,16,43,0,1,2.1129032258064515,2.6842105263157894,0.3387096774193548,0.0263157894736842,0.967741935483871,1.1578947368421053,0.5483870967741935,0.9210526315789472,0.2580645161290322,0.5657894736842105,0.0,0.0131578947368421,138,-4.100924480675152,6.436267761256688,1
iM,117,129,117,129,91,95,78,89,0.7777777777777778,0.7364341085271318,0.6666666666666666,0.689922480620155,1.1666666666666667,1.0674157303370786,0.3333333333333333,0.3100775193798449,12328.0,12784.0,10050.0,9667.0,10784.0,12862.0,105.36752136752136,99.10077519379846,92.17094017094016,99.70542635658914,13.196581196581196,-0.6046511627906976,359.0,336.0,3.068376068376069,2.604651162790698,85.8974358974359,74.93798449612403,94,91,80.34188034188034,70.54263565891473,1.354358974358974,1.249302325581395,1.2466368547008546,1.084338387596899,30,23,0.2564102564102564,0.1782945736434108,6,5,0.0512820512820512,0.0387596899224806,16,19,26,27,0.1758241758241758,0.2,0.3333333333333333,0.3033707865168539,0.358974358974359,0.3565891472868217,20,14,5,21,0.2197802197802197,0.1473684210526315,0.0641025641025641,0.2359550561797752,25,35,0.8,0.4,26,28,4,7,0,0,0,0,26,28,0.2222222222222222,0.2170542635658914,78,81,0,0,2,0,11,12,0,0,0,0,0,0,0.8571428571428571,0.8526315789473684,0.0,0.0,224,212,50,32,54,66,81,56,39,58,0,0,1.9145299145299144,1.6434108527131783,0.4273504273504273,0.2480620155038759,0.4615384615384615,0.5116279069767442,0.6923076923076923,0.4341085271317829,0.3333333333333333,0.4496124031007752,0.0,0.0,246,6.039792439415318,-0.824970753851509,0
kAlash,62,76,62,76,39,27,46,54,0.6290322580645161,0.3552631578947368,0.7419354838709677,0.7105263157894737,0.8478260869565217,0.5,0.2580645161290322,0.2894736842105263,5949.0,4044.0,4727.0,3398.0,6772.0,7555.0,95.9516129032258,53.21052631578947,109.2258064516129,99.40789473684212,-13.274193548387096,-46.19736842105263,257.0,405.0,4.145161290322581,5.328947368421052,76.24193548387096,44.71052631578947,40,49,64.51612903225806,64.47368421052632,1.0038709677419353,0.4019736842105262,0.9049714193548388,0.60711,9,10,0.1451612903225806,0.131578947368421,1,0,0.0161290322580645,0.0,7,8,10,17,0.1794871794871795,0.2962962962962963,0.217391304347826,0.3148148148148148,0.2741935483870967,0.3289473684210526,7,2,10,6,0.1794871794871795,0.074074074074074,0.217391304347826,0.1111111111111111,17,8,0.4117647058823529,0.25,11,7,2,1,0,0,0,0,11,7,0.1774193548387097,0.0921052631578947,24,13,5,1,1,4,9,7,0,0,0,0,0,1,0.6153846153846154,0.4814814814814814,0.1282051282051282,0.037037037037037,125,118,18,19,32,19,33,36,42,44,0,0,2.0161290322580645,1.5526315789473684,0.2903225806451613,0.25,0.5161290322580645,0.25,0.532258064516129,0.4736842105263157,0.6774193548387096,0.5789473684210527,0.0,0.0,138,-6.013750586435747,-0.948831325028541,1
kauez,84,71,84,71,49,47,60,53,0.5833333333333334,0.6619718309859155,0.7142857142857143,0.7464788732394366,0.8166666666666667,0.8867924528301887,0.2857142857142857,0.2535211267605634,6743.0,6825.0,5543.0,5394.0,8822.0,7517.0,80.27380952380952,96.12676056338027,105.02380952380952,105.87323943661973,-24.75,-9.746478873239436,155.0,341.0,1.8452380952380956,4.802816901408451,65.98809523809524,75.97183098591549,61,44,72.61904761904762,61.971830985915496,0.9025,1.10056338028169,0.9428860952380952,0.955173352112676,14,17,0.1666666666666666,0.2394366197183098,1,1,0.0119047619047619,0.0140845070422535,6,15,16,12,0.1224489795918367,0.3191489361702128,0.2666666666666666,0.2264150943396226,0.2619047619047619,0.380281690140845,7,10,14,8,0.1428571428571428,0.2127659574468085,0.2333333333333333,0.1509433962264151,21,18,0.3333333333333333,0.5555555555555556,11,10,1,3,0,1,0,0,11,10,0.1309523809523809,0.1408450704225352,31,40,0,0,12,3,6,4,0,0,0,0,0,0,0.6326530612244898,0.851063829787234,0.0,0.0,172,102,30,19,54,15,43,35,45,33,0,0,2.0476190476190474,1.4366197183098592,0.3571428571428571,0.2676056338028169,0.6428571428571429,0.2112676056338028,0.5119047619047619,0.4929577464788732,0.5357142857142857,0.4647887323943662,0.0,0.0,155,-2.8106414626835434,-1.7551215985895094,1
kensizor,60,64,60,64,37,37,49,50,0.6166666666666667,0.578125,0.8166666666666667,0.78125,0.7551020408163265,0.74,0.1833333333333333,0.21875,5639.0,5323.0,4370.0,4003.0,6873.0,6735.0,93.98333333333332,83.171875,114.55,105.234375,-20.566666666666663,-22.0625,345.0,195.0,5.75,3.046875,72.83333333333333,62.546875,43,42,70.0,65.625,1.0841666666666667,0.90671875,0.956556,0.8442627500000001,19,13,0.3166666666666666,0.203125,3,1,0.05,0.015625,7,9,15,14,0.1891891891891892,0.2432432432432432,0.3061224489795918,0.28,0.3666666666666666,0.359375,8,9,6,15,0.2162162162162162,0.2432432432432432,0.1224489795918367,0.3,14,24,0.5714285714285714,0.375,8,9,0,2,0,0,0,0,8,9,0.1333333333333333,0.140625,24,29,0,0,1,0,11,8,0,0,0,0,0,0,0.6486486486486487,0.7837837837837838,0.0,0.0,90,80,30,18,14,19,27,23,18,20,1,0,1.5,1.25,0.5,0.28125,0.2333333333333333,0.296875,0.45,0.359375,0.3,0.3125,0.0166666666666666,0.0,124,-5.130030090015219,-1.6624648120440104,1
kyousuke,104,125,104,125,83,66,74,105,0.7980769230769231,0.528,0.7115384615384616,0.84,1.1216216216216215,0.6285714285714286,0.2884615384615384,0.16,11131.0,10039.0,8771.0,8053.0,9920.0,14766.0,107.02884615384616,80.312,95.3846153846154,118.128,11.64423076923077,-37.816,666.0,459.0,6.403846153846154,3.672,84.33653846153847,64.424,78,87,75.0,69.6,1.3989423076923078,0.8154399999999999,1.2082973846153846,0.8024879679999999,27,30,0.2596153846153846,0.24,3,2,0.0288461538461538,0.016,25,24,21,34,0.3012048192771084,0.3636363636363636,0.2837837837837837,0.3238095238095238,0.4423076923076923,0.464,7,9,5,22,0.0843373493975903,0.1363636363636363,0.0675675675675675,0.2095238095238095,12,31,0.5833333333333334,0.2903225806451613,22,11,6,2,1,0,0,0,22,11,0.2115384615384615,0.088,65,52,1,0,3,0,12,14,0,0,0,0,2,0,0.7831325301204819,0.7878787878787878,0.0120481927710843,0.0,179,187,60,31,26,53,51,53,42,50,0,0,1.7211538461538465,1.496,0.5769230769230769,0.248,0.25,0.424,0.4903846153846153,0.424,0.4038461538461538,0.4,0.0,0.0,229,2.3404056747552398,-3.343429422840157,0
kyxsan,104,125,104,125,57,72,60,86,0.5480769230769231,0.576,0.5769230769230769,0.688,0.95,0.8372093023255814,0.4230769230769231,0.312,8064.0,10849.0,6513.0,8673.0,8229.0,12260.0,77.53846153846153,86.792,79.125,98.08,-1.5865384615384617,-11.288,449.0,648.0,4.3173076923076925,5.184,62.625,69.384,75,81,72.11538461538461,64.8,0.7388461538461537,0.89752,0.9117360384615384,0.906866944,19,24,0.1826923076923076,0.192,1,3,0.0096153846153846,0.024,11,22,20,21,0.1929824561403508,0.3055555555555556,0.3333333333333333,0.2441860465116279,0.2980769230769231,0.344,10,5,9,15,0.175438596491228,0.0694444444444444,0.15,0.1744186046511628,19,20,0.5263157894736842,0.25,10,16,5,8,0,1,0,0,10,16,0.0961538461538461,0.128,45,48,0,0,5,8,6,14,0,0,0,0,1,2,0.7894736842105263,0.6666666666666666,0.0,0.0,283,398,39,27,69,127,107,160,68,82,0,2,2.7211538461538463,3.184,0.375,0.216,0.6634615384615384,1.016,1.0288461538461535,1.28,0.6538461538461539,0.656,0.0,0.016,229,3.0091719879654844,-3.387915387194712,0
latto,54,58,54,58,33,26,34,42,0.6111111111111112,0.4482758620689655,0.6296296296296297,0.7241379310344828,0.9705882352941176,0.6190476190476191,0.3703703703703703,0.2758620689655172,5543.0,4227.0,4453.0,3320.0,4601.0,5884.0,102.64814814814817,72.87931034482759,85.20370370370371,101.44827586206895,17.444444444444443,-28.56896551724138,755.0,168.0,13.98148148148148,2.896551724137931,82.46296296296296,57.241379310344826,43,40,79.62962962962963,68.96551724137932,1.0161111111111112,0.6317241379310343,1.1153011851851853,0.7576622068965516,16,12,0.2962962962962963,0.2068965517241379,4,1,0.074074074074074,0.0172413793103448,9,11,4,11,0.2727272727272727,0.4230769230769231,0.1176470588235294,0.2619047619047619,0.2407407407407407,0.3793103448275862,7,2,5,7,0.2121212121212121,0.0769230769230769,0.1470588235294117,0.1666666666666666,12,9,0.5833333333333334,0.2222222222222222,8,3,1,0,0,0,0,0,8,3,0.1481481481481481,0.0517241379310344,21,17,0,0,1,1,9,8,0,0,0,0,1,0,0.6363636363636364,0.6538461538461539,0.0,0.0,129,125,39,15,29,36,30,37,31,37,0,0,2.388888888888889,2.155172413793104,0.7222222222222222,0.2586206896551724,0.5370370370370371,0.6206896551724138,0.5555555555555556,0.6379310344827587,0.5740740740740741,0.6379310344827587,0.0,0.0,112,-5.019770366078999,-0.9925142000555912,1
m0NESY,104,125,104,125,98,100,57,84,0.9423076923076924,0.8,0.5480769230769231,0.672,1.719298245614035,1.1904761904761905,0.4519230769230769,0.328,14864.0,15282.0,10736.0,9914.0,8471.0,12131.0,142.92307692307693,122.256,81.45192307692308,97.048,61.47115384615385,25.208,529.0,296.0,5.086538461538462,2.368,103.23076923076924,79.312,86,97,82.6923076923077,77.6,1.6940384615384614,1.38136,1.5338115,1.229968192,24,26,0.2307692307692307,0.208,5,9,0.048076923076923,0.072,13,30,17,23,0.1326530612244898,0.3,0.2982456140350877,0.2738095238095238,0.2884615384615384,0.424,26,22,5,8,0.2653061224489796,0.22,0.087719298245614,0.0952380952380952,31,30,0.8387096774193549,0.7333333333333333,30,27,5,7,1,0,0,0,30,27,0.2884615384615384,0.216,20,43,61,39,0,0,13,17,0,0,2,0,1,0,0.2040816326530612,0.43,0.6224489795918368,0.39,175,267,42,18,45,125,46,69,42,54,0,1,1.6826923076923077,2.136,0.4038461538461538,0.144,0.4326923076923077,1.0,0.4423076923076923,0.552,0.4038461538461538,0.432,0.0,0.008,229,8.311927056653419,8.868988805148739,2
magixx,166,154,166,154,107,89,88,105,0.6445783132530121,0.577922077922078,0.5301204819277109,0.6818181818181818,1.2159090909090908,0.8476190476190476,0.4698795180722891,0.3181818181818182,15472.0,12376.0,12743.0,9830.0,13104.0,16092.0,93.20481927710844,80.36363636363636,78.93975903614458,104.49350649350647,14.265060240963855,-24.12987012987013,1900.0,490.0,11.44578313253012,3.1818181818181817,76.76506024096386,63.83116883116883,128,115,77.10843373493977,74.67532467532467,1.088734939759036,0.930064935064935,1.1415599759036146,0.9634114025974024,42,40,0.253012048192771,0.2597402597402597,4,14,0.0240963855421686,0.0909090909090909,16,25,20,32,0.1495327102803738,0.2808988764044944,0.2272727272727272,0.3047619047619048,0.216867469879518,0.3701298701298701,15,9,5,14,0.1401869158878504,0.1011235955056179,0.0568181818181818,0.1333333333333333,20,23,0.75,0.391304347826087,21,20,9,3,0,1,0,0,21,20,0.1265060240963855,0.1298701298701298,70,56,1,2,13,11,18,19,0,0,0,0,4,1,0.6542056074766355,0.6292134831460674,0.0093457943925233,0.0224719101123595,440,538,119,36,78,191,129,208,114,103,0,0,2.6506024096385543,3.493506493506493,0.7168674698795181,0.2337662337662337,0.4698795180722891,1.2402597402597402,0.7771084337349398,1.3506493506493509,0.6867469879518072,0.6688311688311688,0.0,0.0,320,10.684321308576106,-3.0206365567710383,0
makazze,117,129,117,129,95,95,70,98,0.811965811965812,0.7364341085271318,0.5982905982905983,0.7596899224806202,1.3571428571428572,0.9693877551020408,0.4017094017094017,0.2403100775193798,12739.0,13083.0,9848.0,10281.0,10790.0,14530.0,108.88034188034187,101.4186046511628,92.22222222222224,112.63565891472868,16.65811965811966,-11.217054263565892,625.0,471.0,5.3418803418803416,3.651162790697674,84.17094017094017,79.69767441860465,89,98,76.06837606837607,75.96899224806202,1.451880341880342,1.2432558139534886,1.3024612307692307,1.1171622945736437,33,26,0.282051282051282,0.2015503875968992,1,2,0.0085470085470085,0.0155038759689922,17,27,18,33,0.1789473684210526,0.2842105263157894,0.2571428571428571,0.336734693877551,0.2991452991452991,0.4651162790697674,17,19,10,26,0.1789473684210526,0.2,0.1428571428571428,0.2653061224489796,27,45,0.6296296296296297,0.4222222222222222,25,20,8,6,4,1,0,0,25,20,0.2136752136752136,0.1550387596899224,66,75,1,0,7,4,18,13,0,0,1,0,1,0,0.6947368421052632,0.7894736842105263,0.0105263157894736,0.0,267,267,83,59,67,69,59,69,57,70,1,0,2.282051282051282,2.069767441860465,0.7094017094017094,0.4573643410852713,0.5726495726495726,0.5348837209302325,0.5042735042735043,0.5348837209302325,0.4871794871794871,0.5426356589147286,0.0085470085470085,0.0,246,8.095583479736348,-2.57421383270239,0
malbsMd,42,44,42,44,36,19,32,38,0.8571428571428571,0.4318181818181818,0.7619047619047619,0.8636363636363636,1.125,0.5,0.238095238095238,0.1363636363636363,4608.0,3102.0,3524.0,2639.0,3977.0,4809.0,109.71428571428572,70.5,94.6904761904762,109.29545454545456,15.023809523809524,-38.79545454545455,157.0,177.0,3.738095238095238,4.0227272727272725,83.9047619047619,59.97727272727273,29,27,69.04761904761905,61.36363636363637,1.4757142857142855,0.6325,1.1830632380952375,0.6711903636363635,6,7,0.1428571428571428,0.1590909090909091,0,0,0.0,0.0,6,2,7,11,0.1666666666666666,0.1052631578947368,0.21875,0.2894736842105263,0.3095238095238095,0.2954545454545454,6,7,1,9,0.1666666666666666,0.3684210526315789,0.03125,0.2368421052631578,7,16,0.8571428571428571,0.4375,8,4,3,0,0,0,0,0,8,4,0.1904761904761904,0.0909090909090909,24,16,0,0,3,0,8,2,0,0,0,0,0,0,0.6666666666666666,0.8421052631578947,0.0,0.0,87,64,21,4,16,20,25,20,24,20,1,0,2.071428571428572,1.4545454545454546,0.5,0.0909090909090909,0.3809523809523809,0.4545454545454545,0.5952380952380952,0.4545454545454545,0.5714285714285714,0.4545454545454545,0.0238095238095238,0.0,86,-7.3362580212494874,-0.657967309757962,1
mezii,176,155,176,155,110,89,98,105,0.625,0.5741935483870968,0.5568181818181818,0.6774193548387096,1.1224489795918366,0.8476190476190476,0.4431818181818182,0.3225806451612903,15025.0,12251.0,12357.0,9122.0,13611.0,15462.0,85.36931818181819,79.03870967741935,77.33522727272727,99.7548387096774,8.034090909090908,-20.716129032258063,1335.0,717.0,7.585227272727272,4.625806451612903,70.21022727272727,58.851612903225806,146,111,82.95454545454545,71.61290322580645,1.038181818181818,0.8916129032258063,1.1629067272727271,0.9264860645161288,49,29,0.2784090909090909,0.1870967741935484,4,4,0.0227272727272727,0.0258064516129032,20,24,28,24,0.1818181818181818,0.2696629213483146,0.2857142857142857,0.2285714285714285,0.2727272727272727,0.3096774193548387,11,8,8,16,0.1,0.0898876404494382,0.0816326530612244,0.1523809523809524,19,24,0.5789473684210527,0.3333333333333333,23,20,5,4,0,0,0,0,23,20,0.1306818181818181,0.1290322580645161,80,68,0,0,5,1,20,16,0,0,1,2,2,0,0.7272727272727273,0.7640449438202247,0.0,0.0,407,395,93,22,93,136,103,139,118,98,0,0,2.3125,2.548387096774193,0.5284090909090909,0.1419354838709677,0.5284090909090909,0.8774193548387097,0.5852272727272727,0.896774193548387,0.6704545454545454,0.632258064516129,0.0,0.0,331,8.519194486251248,-2.7050484000403165,0
misutaaa,63,55,63,55,37,38,52,43,0.5873015873015873,0.6909090909090909,0.8253968253968254,0.7818181818181819,0.7115384615384616,0.8837209302325582,0.1746031746031746,0.2181818181818181,5509.0,4691.0,4806.0,3527.0,7550.0,5862.0,87.44444444444444,85.2909090909091,119.84126984126983,106.58181818181818,-32.3968253968254,-21.29090909090909,337.0,262.0,5.349206349206349,4.763636363636364,76.28571428571429,64.12727272727273,39,45,61.90476190476191,81.81818181818181,0.9076190476190475,1.1605454545454543,0.8294650158730159,1.0795650181818182,10,11,0.1587301587301587,0.2,0,2,0.0,0.0363636363636363,7,14,8,18,0.1891891891891892,0.3684210526315789,0.1538461538461538,0.4186046511627907,0.238095238095238,0.5818181818181818,6,5,7,4,0.1621621621621621,0.131578947368421,0.1346153846153846,0.0930232558139534,13,9,0.4615384615384615,0.5555555555555556,8,8,3,2,0,0,0,0,8,8,0.1269841269841269,0.1454545454545454,25,28,0,0,4,0,7,8,0,0,0,0,1,1,0.6756756756756757,0.7368421052631579,0.0,0.0,123,82,32,17,23,25,34,16,34,24,0,0,1.9523809523809523,1.490909090909091,0.5079365079365079,0.3090909090909091,0.365079365079365,0.4545454545454545,0.5396825396825397,0.2909090909090909,0.5396825396825397,0.4363636363636363,0.0,0.0,118,-4.998100866993278,-1.5909208497126037,1
mizu,62,76,62,76,52,54,41,50,0.8387096774193549,0.7105263157894737,0.6612903225806451,0.6578947368421053,1.2682926829268293,1.08,0.3387096774193548,0.3421052631578947,6929.0,7461.0,5680.0,6019.0,5948.0,7116.0,111.75806451612904,98.17105263157896,95.93548387096774,93.63157894736842,15.82258064516129,4.539473684210527,211.0,362.0,3.403225806451613,4.7631578947368425,91.61290322580643,79.19736842105263,45,50,72.58064516129032,65.78947368421052,1.4712903225806448,1.1973684210526316,1.2676949032258067,1.0809684210526316,14,17,0.2258064516129032,0.2236842105263158,1,1,0.0161290322580645,0.0131578947368421,13,16,11,9,0.25,0.2962962962962963,0.2682926829268293,0.18,0.3870967741935484,0.3289473684210526,6,8,7,6,0.1153846153846153,0.1481481481481481,0.1707317073170731,0.12,13,14,0.4615384615384615,0.5714285714285714,13,14,3,9,3,0,0,0,13,14,0.2096774193548387,0.1842105263157894,37,37,0,3,2,0,13,11,0,0,0,0,0,2,0.7115384615384616,0.6851851851851852,0.0,0.0555555555555555,130,131,36,14,24,50,33,35,37,32,0,0,2.096774193548387,1.7236842105263157,0.5806451612903226,0.1842105263157894,0.3870967741935484,0.6578947368421053,0.532258064516129,0.4605263157894737,0.5967741935483871,0.4210526315789473,0.0,0.0,138,-0.6021543716252468,1.3084769834069219,1
molodoy,120,112,120,112,83,66,65,81,0.6916666666666667,0.5892857142857143,0.5416666666666666,0.7232142857142857,1.2769230769230768,0.8148148148148148,0.4583333333333333,0.2767857142857143,13346.0,10251.0,7847.0,7565.0,10359.0,11379.0,111.21666666666668,91.52678571428572,86.325,101.59821428571428,24.891666666666666,-10.071428571428571,364.0,432.0,3.033333333333333,3.857142857142857,65.39166666666667,67.54464285714286,92,75,76.66666666666667,66.96428571428571,1.1507499999999995,0.9498214285714284,1.1603012333333331,0.9207521071428572,25,24,0.2083333333333333,0.2142857142857142,5,6,0.0416666666666666,0.0535714285714285,13,16,8,26,0.1566265060240964,0.2424242424242424,0.123076923076923,0.3209876543209876,0.175,0.375,16,9,9,10,0.1927710843373494,0.1363636363636363,0.1384615384615384,0.1234567901234567,25,19,0.64,0.4736842105263157,17,17,4,3,1,1,1,0,17,17,0.1416666666666666,0.1517857142857142,13,16,49,31,1,5,19,11,0,0,1,1,0,1,0.1566265060240964,0.2424242424242424,0.5903614457831325,0.4696969696969697,187,206,45,9,44,95,53,56,45,46,0,0,1.5583333333333331,1.8392857142857144,0.375,0.0803571428571428,0.3666666666666666,0.8482142857142857,0.4416666666666666,0.5,0.375,0.4107142857142857,0.0,0.0,232,2.3549759640084016,6.156778225845901,2
mopoz,61,59,61,59,48,27,39,46,0.7868852459016393,0.4576271186440678,0.639344262295082,0.7796610169491526,1.2307692307692308,0.5869565217391305,0.360655737704918,0.2203389830508474,6645.0,3985.0,5010.0,3171.0,5017.0,6083.0,108.9344262295082,67.54237288135593,82.24590163934427,103.10169491525424,26.688524590163933,-35.559322033898304,352.0,323.0,5.770491803278689,5.47457627118644,82.1311475409836,53.74576271186441,45,40,73.77049180327869,67.79661016949153,1.3624590163934427,0.6566101694915255,1.225083475409836,0.7424936949152543,14,9,0.2295081967213114,0.1525423728813559,0,1,0.0,0.0169491525423728,11,8,8,11,0.2291666666666666,0.2962962962962963,0.2051282051282051,0.2391304347826087,0.3114754098360656,0.3220338983050847,4,6,5,7,0.0833333333333333,0.2222222222222222,0.1282051282051282,0.1521739130434782,9,13,0.4444444444444444,0.4615384615384615,10,6,5,0,2,0,0,0,10,6,0.1639344262295081,0.1016949152542373,26,21,5,0,7,2,6,4,0,0,0,0,1,0,0.5416666666666666,0.7777777777777778,0.1041666666666666,0.0,164,143,39,22,34,43,47,37,44,41,0,0,2.6885245901639343,2.4237288135593222,0.639344262295082,0.3728813559322034,0.5573770491803278,0.7288135593220338,0.7704918032786885,0.6271186440677966,0.7213114754098361,0.6949152542372882,0.0,0.0,120,-3.9722654487973585,-1.5915534563436777,1
n0rb3r7,62,76,62,76,32,56,44,59,0.5161290322580645,0.7368421052631579,0.7096774193548387,0.7763157894736842,0.7272727272727273,0.9491525423728814,0.2903225806451613,0.2236842105263158,4485.0,7798.0,3646.0,6281.0,6005.0,8411.0,72.33870967741936,102.60526315789474,96.85483870967742,110.67105263157896,-24.516129032258064,-8.06578947368421,307.0,308.0,4.951612903225806,4.052631578947368,58.80645161290322,82.64473684210526,40,42,64.51612903225806,55.26315789473684,0.7367741935483871,1.231315789473684,0.7762176774193548,0.9599483684210526,7,13,0.1129032258064516,0.1710526315789473,0,1,0.0,0.0131578947368421,8,13,9,9,0.25,0.2321428571428571,0.2045454545454545,0.1525423728813559,0.2741935483870967,0.2894736842105263,4,9,3,19,0.125,0.1607142857142857,0.0681818181818181,0.3220338983050847,7,28,0.5714285714285714,0.3214285714285714,5,15,2,8,0,1,0,0,5,15,0.0806451612903225,0.1973684210526315,26,48,1,2,0,4,4,1,0,0,0,0,0,0,0.8125,0.8571428571428571,0.03125,0.0357142857142857,147,123,35,10,27,31,45,42,40,40,0,0,2.370967741935484,1.618421052631579,0.5645161290322581,0.131578947368421,0.4354838709677419,0.4078947368421052,0.7258064516129032,0.5526315789473685,0.6451612903225806,0.5263157894736842,0.0,0.0,138,-4.070110559017382,-2.9509701091240292,1
n1ssim,54,58,54,58,35,24,33,44,0.6481481481481481,0.4137931034482758,0.6111111111111112,0.7586206896551724,1.0606060606060606,0.5454545454545454,0.3888888888888889,0.2413793103448276,4670.0,3537.0,3723.0,3050.0,4722.0,5834.0,86.48148148148148,60.98275862068966,87.44444444444444,100.58620689655172,-0.9629629629629628,-39.60344827586207,297.0,351.0,5.5,6.051724137931035,68.94444444444444,52.58620689655172,36,35,66.66666666666667,60.3448275862069,1.0561111111111112,0.6213793103448274,1.0100688148148147,0.6657084137931034,11,9,0.2037037037037037,0.1551724137931034,3,0,0.0555555555555555,0.0,2,10,6,10,0.0571428571428571,0.4166666666666667,0.1818181818181818,0.2272727272727272,0.1481481481481481,0.3448275862068966,2,0,4,5,0.0571428571428571,0.0,0.1212121212121212,0.1136363636363636,6,5,0.3333333333333333,0.0,8,6,2,1,0,0,0,0,8,6,0.1481481481481481,0.1034482758620689,28,19,0,0,1,0,5,5,0,0,0,0,0,0,0.8,0.7916666666666666,0.0,0.0,141,139,32,23,28,50,45,43,36,23,0,0,2.611111111111111,2.396551724137931,0.5925925925925926,0.396551724137931,0.5185185185185185,0.8620689655172413,0.8333333333333334,0.7413793103448276,0.6666666666666666,0.396551724137931,0.0,0.0,112,-6.602403306270534,-2.2012121307509065,1
nicx,38,36,38,36,7,22,32,29,0.1842105263157894,0.6111111111111112,0.8421052631578947,0.8055555555555556,0.21875,0.7586206896551724,0.1578947368421052,0.1944444444444444,1474.0,2716.0,1387.0,2051.0,4770.0,3901.0,38.78947368421053,75.44444444444444,125.52631578947368,108.36111111111111,-86.73684210526316,-32.916666666666664,119.0,33.0,3.131578947368421,0.9166666666666666,36.5,56.97222222222222,17,20,44.73684210526316,55.55555555555556,0.188157894736842,0.9266666666666666,0.2545626315789473,0.7565414444444444,8,3,0.2105263157894736,0.0833333333333333,0,1,0.0,0.0277777777777777,3,4,6,7,0.4285714285714285,0.1818181818181818,0.1875,0.2413793103448276,0.2368421052631578,0.3055555555555556,1,3,3,2,0.1428571428571428,0.1363636363636363,0.09375,0.0689655172413793,4,5,0.25,0.6,2,6,0,2,0,0,0,0,2,6,0.0526315789473684,0.1666666666666666,2,19,0,0,1,0,4,3,0,0,0,0,0,0,0.2857142857142857,0.8636363636363636,0.0,0.0,55,76,11,6,8,26,20,23,16,21,0,0,1.4473684210526316,2.111111111111111,0.2894736842105263,0.1666666666666666,0.2105263157894736,0.7222222222222222,0.5263157894736842,0.6388888888888888,0.4210526315789473,0.5833333333333334,0.0,0.0,74,-12.226788028934017,-2.2560327911590843,1
npl,60,64,60,64,57,36,39,46,0.95,0.5625,0.65,0.71875,1.4615384615384617,0.782608695652174,0.35,0.28125,7292.0,4977.0,5709.0,3765.0,5960.0,6685.0,121.53333333333332,77.765625,99.33333333333331,104.453125,22.2,-26.6875,420.0,115.0,7.0,1.796875,95.15,58.828125,46,43,75.0,67.1875,1.6974999999999996,0.8725,1.4169686666666663,0.867666375,12,8,0.2,0.125,2,0,0.0333333333333333,0.0,12,8,6,17,0.2105263157894736,0.2222222222222222,0.1538461538461538,0.3695652173913043,0.3,0.390625,7,4,5,7,0.1228070175438596,0.1111111111111111,0.1282051282051282,0.1521739130434782,12,11,0.5833333333333334,0.3636363636363636,16,8,5,1,1,0,0,0,16,8,0.2666666666666666,0.125,43,31,0,0,3,2,9,3,0,0,0,0,1,0,0.7543859649122807,0.8611111111111112,0.0,0.0,128,124,38,12,22,37,36,35,32,40,0,0,2.1333333333333333,1.9375,0.6333333333333333,0.1875,0.3666666666666666,0.578125,0.6,0.546875,0.5333333333333333,0.625,0.0,0.0,124,-2.7908039331189762,0.3464120887828648,1
reNTU,84,71,84,71,39,38,50,51,0.4642857142857143,0.5352112676056338,0.5952380952380952,0.7183098591549296,0.78,0.7450980392156863,0.4047619047619047,0.2816901408450704,7493.0,4891.0,5025.0,3489.0,7387.0,6746.0,89.20238095238095,68.88732394366197,87.94047619047619,95.01408450704226,1.261904761904762,-26.12676056338028,635.0,182.0,7.559523809523809,2.563380281690141,59.82142857142857,49.140845070422536,56,47,66.66666666666667,66.19718309859155,0.6689285714285714,0.7891549295774648,0.8449877142857144,0.7855030422535211,18,10,0.2142857142857142,0.1408450704225352,2,8,0.0238095238095238,0.1126760563380281,8,6,6,9,0.2051282051282051,0.1578947368421052,0.12,0.1764705882352941,0.1666666666666666,0.2112676056338028,7,2,6,4,0.1794871794871795,0.0526315789473684,0.12,0.0784313725490196,13,6,0.5384615384615384,0.3333333333333333,7,10,2,3,0,1,0,0,7,10,0.0833333333333333,0.1408450704225352,4,19,20,7,5,2,7,9,0,0,3,1,0,0,0.1025641025641025,0.5,0.5128205128205128,0.1842105263157894,153,189,38,3,27,79,53,67,35,40,0,0,1.8214285714285716,2.6619718309859155,0.4523809523809524,0.0422535211267605,0.3214285714285714,1.1126760563380282,0.6309523809523809,0.943661971830986,0.4166666666666667,0.5633802816901409,0.0,0.0,155,-4.529896545238141,3.72964299421656,1
ropz,176,155,176,155,132,104,96,98,0.75,0.6709677419354839,0.5454545454545454,0.632258064516129,1.375,1.0612244897959184,0.4545454545454545,0.3677419354838709,18671.0,14199.0,14879.0,11789.0,13043.0,14360.0,106.08522727272728,91.60645161290324,74.10795454545455,92.64516129032258,31.977272727272727,-1.038709677419355,531.0,765.0,3.0170454545454546,4.935483870967742,84.53977272727273,76.05806451612904,144,111,81.81818181818181,71.61290322580645,1.2853409090909091,1.1058709677419356,1.3100351363636362,1.0911867870967742,41,32,0.2329545454545454,0.2064516129032258,0,1,0.0,0.0064516129032258,23,31,22,24,0.1742424242424242,0.2980769230769231,0.2291666666666666,0.2448979591836734,0.2556818181818182,0.3548387096774194,30,10,7,11,0.2272727272727272,0.0961538461538461,0.0729166666666666,0.1122448979591836,37,21,0.8108108108108109,0.4761904761904761,34,25,8,6,0,2,0,0,34,25,0.1931818181818181,0.1612903225806451,103,80,10,0,0,2,17,18,0,0,0,0,0,2,0.7803030303030303,0.7692307692307693,0.0757575757575757,0.0,255,272,60,60,34,56,84,76,77,80,0,0,1.4488636363636365,1.7548387096774194,0.3409090909090909,0.3870967741935484,0.1931818181818181,0.3612903225806451,0.4772727272727273,0.4903225806451612,0.4375,0.5161290322580645,0.0,0.0,331,9.866841905232196,-0.16474867362700954,0
s1zzi,61,64,61,64,47,44,42,42,0.7704918032786885,0.6875,0.6885245901639344,0.65625,1.119047619047619,1.0476190476190477,0.3114754098360656,0.34375,7318.0,5880.0,5169.0,4684.0,5627.0,6487.0,119.9672131147541,91.875,92.24590163934428,101.359375,27.72131147540984,-9.484375,195.0,45.0,3.19672131147541,0.703125,84.73770491803279,73.1875,47,43,77.04918032786885,67.1875,1.3,1.1462499999999998,1.2104485245901635,1.052424875,10,14,0.1639344262295081,0.21875,2,4,0.0327868852459016,0.0625,7,11,10,10,0.1489361702127659,0.25,0.238095238095238,0.238095238095238,0.2786885245901639,0.328125,8,3,7,5,0.1702127659574468,0.0681818181818181,0.1666666666666666,0.119047619047619,15,8,0.5333333333333333,0.375,12,11,1,1,0,1,0,0,12,11,0.1967213114754098,0.171875,3,19,29,19,1,0,13,6,0,0,0,0,0,0,0.0638297872340425,0.4318181818181818,0.6170212765957447,0.4318181818181818,68,107,9,2,21,42,21,40,17,23,0,0,1.1147540983606556,1.671875,0.1475409836065573,0.03125,0.3442622950819672,0.65625,0.3442622950819672,0.625,0.2786885245901639,0.359375,0.0,0.0,125,-3.8053142767878785,7.212081731854718,1
saadzin,54,58,54,58,38,27,30,39,0.7037037037037037,0.4655172413793103,0.5555555555555556,0.6724137931034483,1.2666666666666666,0.6923076923076923,0.4444444444444444,0.3275862068965517,5767.0,3992.0,3944.0,2903.0,4304.0,5851.0,106.79629629629628,68.82758620689656,79.70370370370371,100.8793103448276,27.09259259259259,-32.05172413793103,116.0,38.0,2.1481481481481484,0.6551724137931034,73.03703703703704,50.05172413793103,40,38,74.07407407407408,65.51724137931035,1.158888888888889,0.625,1.164692148148148,0.7542293103448275,9,6,0.1666666666666666,0.1034482758620689,2,4,0.037037037037037,0.0689655172413793,3,6,5,8,0.0789473684210526,0.2222222222222222,0.1666666666666666,0.2051282051282051,0.1481481481481481,0.2413793103448276,5,4,9,8,0.131578947368421,0.1481481481481481,0.3,0.2051282051282051,14,12,0.3571428571428571,0.3333333333333333,9,5,2,1,0,0,0,0,9,5,0.1666666666666666,0.0862068965517241,7,9,27,14,0,0,3,3,0,0,0,1,0,0,0.1842105263157894,0.3333333333333333,0.7105263157894737,0.5185185185185185,90,128,19,1,35,61,23,43,13,23,0,0,1.6666666666666667,2.206896551724138,0.3518518518518518,0.0172413793103448,0.6481481481481481,1.0517241379310345,0.4259259259259259,0.7413793103448276,0.2407407407407407,0.396551724137931,0.0,0.0,112,-6.371609678481112,7.068412826534822,1
sausoL,60,59,60,59,39,31,42,45,0.65,0.5254237288135594,0.7,0.7627118644067796,0.9285714285714286,0.6888888888888889,0.3,0.2372881355932203,4881.0,4704.0,3904.0,3588.0,5627.0,6587.0,81.35,79.72881355932203,93.78333333333332,111.64406779661016,-12.433333333333334,-31.91525423728813,224.0,283.0,3.733333333333333,4.796610169491525,65.06666666666666,60.813559322033896,42,44,68.33333333333333,74.57627118644068,1.0375,0.7945762711864406,0.9811083333333332,0.8684141694915254,9,12,0.15,0.2033898305084746,1,3,0.0166666666666666,0.0508474576271186,7,12,8,17,0.1794871794871795,0.3870967741935484,0.1904761904761904,0.3777777777777777,0.25,0.4915254237288136,5,4,7,6,0.1282051282051282,0.1290322580645161,0.1666666666666666,0.1333333333333333,12,10,0.4166666666666667,0.4,9,7,3,3,0,0,0,0,9,7,0.15,0.1186440677966101,29,18,0,1,2,0,5,12,0,0,0,0,1,0,0.7435897435897436,0.5806451612903226,0.0,0.032258064516129,126,115,21,12,37,34,32,35,36,32,0,2,2.1,1.9491525423728813,0.35,0.2033898305084746,0.6166666666666667,0.576271186440678,0.5333333333333333,0.5932203389830508,0.6,0.5423728813559322,0.0,0.0338983050847457,119,-5.106924359062532,-0.8552822882463261,1
siuhy,42,44,42,44,22,23,31,35,0.5238095238095238,0.5227272727272727,0.7380952380952381,0.7954545454545454,0.7096774193548387,0.6571428571428571,0.2619047619047619,0.2045454545454545,2848.0,3159.0,2281.0,2670.0,4213.0,4461.0,67.80952380952381,71.79545454545455,100.3095238095238,101.38636363636364,-32.5,-29.59090909090909,184.0,70.0,4.380952380952381,1.5909090909090908,54.30952380952381,60.68181818181818,28,30,66.66666666666667,68.18181818181819,0.7757142857142857,0.7988636363636362,0.797925619047619,0.8039131818181818,7,10,0.1666666666666666,0.2272727272727272,4,3,0.0952380952380952,0.0681818181818181,9,6,6,10,0.4090909090909091,0.2608695652173913,0.1935483870967742,0.2857142857142857,0.3571428571428571,0.3636363636363636,4,3,4,5,0.1818181818181818,0.1304347826086956,0.1290322580645161,0.1428571428571428,8,8,0.5,0.375,6,6,1,1,0,0,0,0,6,6,0.1428571428571428,0.1363636363636363,16,17,0,0,0,0,5,5,0,0,0,0,0,0,0.7272727272727273,0.7391304347826086,0.0,0.0,91,115,21,4,16,44,35,47,19,20,0,0,2.1666666666666665,2.613636363636364,0.5,0.0909090909090909,0.3809523809523809,1.0,0.8333333333333334,1.068181818181818,0.4523809523809524,0.4545454545454545,0.0,0.0,86,-8.176522870213532,-1.0815750387015473,1
soulfly,92,84,92,84,53,48,53,68,0.5760869565217391,0.5714285714285714,0.5760869565217391,0.8095238095238095,1.0,0.7058823529411765,0.4239130434782608,0.1904761904761904,7230.0,7366.0,5915.0,5710.0,7599.0,9016.0,78.58695652173913,87.69047619047619,82.59782608695652,107.33333333333331,-4.010869565217392,-19.642857142857142,319.0,293.0,3.467391304347826,3.488095238095238,64.29347826086956,67.97619047619048,68,59,73.91304347826087,69.04761904761905,0.8992391304347827,0.8971428571428574,1.0092451739130437,0.8922546666666665,18,18,0.1956521739130435,0.2142857142857142,3,3,0.0326086956521739,0.0357142857142857,9,13,9,14,0.1698113207547169,0.2708333333333333,0.1698113207547169,0.2058823529411764,0.1956521739130435,0.3214285714285714,9,7,11,21,0.1698113207547169,0.1458333333333333,0.2075471698113207,0.3088235294117647,20,28,0.45,0.25,11,10,3,2,0,0,0,0,11,10,0.1195652173913043,0.119047619047619,28,37,0,0,11,1,13,10,0,0,0,0,1,0,0.5283018867924528,0.7708333333333334,0.0,0.0,189,120,17,11,45,37,64,45,63,27,0,0,2.0543478260869565,1.4285714285714286,0.1847826086956521,0.1309523809523809,0.4891304347826087,0.4404761904761904,0.6956521739130435,0.5357142857142857,0.6847826086956522,0.3214285714285714,0.0,0.0,176,-1.9199684361942382,-1.1699076391844652,1
tAk,91,115,91,115,57,59,52,78,0.6263736263736264,0.5130434782608696,0.5714285714285714,0.6782608695652174,1.0961538461538465,0.7564102564102564,0.4285714285714285,0.3217391304347826,7403.0,7906.0,5822.0,6461.0,7110.0,10777.0,81.35164835164835,68.74782608695652,78.13186813186813,93.71304347826089,3.21978021978022,-24.965217391304343,268.0,326.0,2.9450549450549453,2.834782608695652,63.97802197802198,56.18260869565217,76,78,83.51648351648352,67.82608695652173,1.0303296703296705,0.7518260869565216,1.129888703296703,0.8211314086956523,23,23,0.2527472527472527,0.2,1,2,0.0109890109890109,0.017391304347826,13,22,21,20,0.2280701754385964,0.3728813559322034,0.4038461538461538,0.2564102564102564,0.3736263736263736,0.3652173913043478,5,7,6,13,0.087719298245614,0.1186440677966101,0.1153846153846153,0.1666666666666666,11,20,0.4545454545454545,0.35,11,11,2,2,1,1,1,0,11,11,0.1208791208791208,0.0956521739130434,43,38,0,0,4,4,7,14,0,0,0,0,1,1,0.7543859649122807,0.6440677966101694,0.0,0.0,186,205,42,25,64,77,46,59,34,44,0,0,2.043956043956044,1.7826086956521738,0.4615384615384615,0.217391304347826,0.7032967032967034,0.6695652173913044,0.5054945054945055,0.5130434782608696,0.3736263736263736,0.3826086956521739,0.0,0.0,206,-0.19798268942633004,-1.292577375359919,1
tN1R,166,154,166,154,122,110,112,103,0.7349397590361446,0.7142857142857143,0.6746987951807228,0.6688311688311688,1.0892857142857142,1.0679611650485437,0.3253012048192771,0.3311688311688311,16266.0,14773.0,13158.0,11408.0,16096.0,15131.0,97.98795180722892,95.92857142857144,96.96385542168674,98.25324675324676,1.0240963855421688,-2.324675324675325,911.0,647.0,5.487951807228916,4.201298701298701,79.26506024096386,74.07792207792208,123,108,74.09638554216868,70.12987012987013,1.2566265060240962,1.208896103896104,1.1512959036144577,1.0869436623376625,40,27,0.2409638554216867,0.1753246753246753,5,4,0.0301204819277108,0.0259740259740259,20,28,31,29,0.1639344262295081,0.2545454545454545,0.2767857142857143,0.2815533980582524,0.3072289156626506,0.3701298701298701,20,8,25,16,0.1639344262295081,0.0727272727272727,0.2232142857142857,0.1553398058252427,45,24,0.4444444444444444,0.3333333333333333,29,28,10,7,2,1,0,0,29,28,0.1746987951807229,0.1818181818181818,89,82,1,0,10,5,20,21,0,0,0,0,1,2,0.7295081967213115,0.7454545454545455,0.0081967213114754,0.0,408,314,66,51,104,97,122,74,116,91,0,1,2.4578313253012047,2.038961038961039,0.3975903614457831,0.3311688311688311,0.6265060240963856,0.6298701298701299,0.7349397590361446,0.4805194805194805,0.6987951807228916,0.5909090909090909,0.0,0.0064935064935064,320,11.450136098230297,-3.31723677005641,0
torzsi,95,84,95,84,54,37,44,57,0.5684210526315789,0.4404761904761904,0.4631578947368421,0.6785714285714286,1.2272727272727273,0.6491228070175439,0.5368421052631579,0.3214285714285714,7638.0,5787.0,5629.0,4363.0,7293.0,8191.0,80.4,68.89285714285714,76.76842105263158,97.51190476190476,3.631578947368421,-28.61904761904762,473.0,269.0,4.978947368421053,3.202380952380953,59.252631578947366,51.94047619047619,71,59,74.73684210526316,70.23809523809524,0.8970526315789473,0.6332142857142857,1.0310314105263156,0.7757198571428573,17,21,0.1789473684210526,0.25,4,7,0.0421052631578947,0.0833333333333333,13,13,7,15,0.2407407407407407,0.3513513513513513,0.1590909090909091,0.2631578947368421,0.2105263157894736,0.3333333333333333,17,5,4,8,0.3148148148148148,0.1351351351351351,0.0909090909090909,0.1403508771929824,21,13,0.8095238095238095,0.3846153846153846,15,6,3,2,0,0,0,0,15,6,0.1578947368421052,0.0714285714285714,8,14,40,14,0,0,5,7,0,0,0,1,1,1,0.1481481481481481,0.3783783783783784,0.7407407407407407,0.3783783783783784,160,182,34,10,47,94,44,56,35,22,0,0,1.6842105263157894,2.1666666666666665,0.3578947368421052,0.119047619047619,0.4947368421052631,1.119047619047619,0.4631578947368421,0.6666666666666666,0.3684210526315789,0.2619047619047619,0.0,0.0,179,-2.4325262427103427,5.460048230621837,1
try,38,36,38,36,35,16,31,24,0.9210526315789472,0.4444444444444444,0.8157894736842105,0.6666666666666666,1.1290322580645162,0.6666666666666666,0.1842105263157894,0.3333333333333333,4783.0,2681.0,3028.0,1649.0,4412.0,3494.0,125.86842105263158,74.47222222222223,116.10526315789474,97.05555555555556,9.763157894736842,-22.58333333333333,51.0,52.0,1.3421052631578947,1.4444444444444444,79.6842105263158,45.80555555555556,32,23,84.21052631578948,63.888888888888886,1.6292105263157894,0.6405555555555555,1.3108908421052632,0.7669397777777778,7,5,0.1842105263157894,0.1388888888888889,2,3,0.0526315789473684,0.0833333333333333,7,5,9,2,0.2,0.3125,0.2903225806451613,0.0833333333333333,0.4210526315789473,0.1944444444444444,4,1,3,10,0.1142857142857142,0.0625,0.0967741935483871,0.4166666666666667,7,11,0.5714285714285714,0.0909090909090909,9,3,2,2,0,0,0,0,9,3,0.2368421052631578,0.0833333333333333,13,8,12,8,0,0,8,0,0,0,1,0,1,0,0.3714285714285714,0.5,0.3428571428571428,0.5,51,71,7,6,16,36,17,20,11,9,0,0,1.3421052631578947,1.9722222222222223,0.1842105263157894,0.1666666666666666,0.4210526315789473,1.0,0.4473684210526316,0.5555555555555556,0.2894736842105263,0.25,0.0,0.0,74,-8.083209085723805,4.953164558557713,1
ultimate,42,44,42,44,32,33,27,37,0.7619047619047619,0.75,0.6428571428571429,0.8409090909090909,1.1851851851851851,0.8918918918918919,0.3571428571428571,0.1590909090909091,3883.0,4264.0,3002.0,3165.0,3624.0,5551.0,92.45238095238096,96.9090909090909,86.28571428571429,126.1590909090909,6.166666666666667,-29.25,176.0,55.0,4.190476190476191,1.25,71.47619047619048,71.93181818181819,36,34,85.71428571428571,77.27272727272727,1.2828571428571427,1.273409090909091,1.2484532380952382,1.076229909090909,7,9,0.1666666666666666,0.2045454545454545,1,4,0.0238095238095238,0.0909090909090909,8,15,8,5,0.25,0.4545454545454545,0.2962962962962963,0.1351351351351351,0.3809523809523809,0.4545454545454545,4,3,4,1,0.125,0.0909090909090909,0.1481481481481481,0.027027027027027,8,4,0.5,0.75,6,7,0,2,0,0,0,0,6,7,0.1428571428571428,0.1590909090909091,4,13,16,12,7,0,3,7,0,0,0,0,1,0,0.125,0.3939393939393939,0.5,0.3636363636363636,75,102,15,2,25,48,22,32,13,19,0,1,1.7857142857142858,2.3181818181818183,0.3571428571428571,0.0454545454545454,0.5952380952380952,1.0909090909090908,0.5238095238095238,0.7272727272727273,0.3095238095238095,0.4318181818181818,0.0,0.0227272727272727,86,-5.85574668411096,4.482075089203985,1
w0nderful,117,129,117,129,85,101,67,75,0.7264957264957265,0.7829457364341085,0.5726495726495726,0.5813953488372093,1.2686567164179106,1.346666666666667,0.4273504273504273,0.4186046511627907,13423.0,13687.0,8576.0,9353.0,9313.0,10459.0,114.72649572649571,106.10077519379846,79.5982905982906,81.07751937984496,35.12820512820513,25.023255813953487,420.0,261.0,3.58974358974359,2.0232558139534884,73.2991452991453,72.50387596899225,84,104,71.7948717948718,80.62015503875969,1.15,1.3192248062015504,1.0865646153846154,1.24061392248062,15,23,0.1282051282051282,0.1782945736434108,3,10,0.0256410256410256,0.0775193798449612,17,23,10,19,0.2,0.2277227722772277,0.1492537313432835,0.2533333333333333,0.2307692307692307,0.3255813953488372,16,12,12,4,0.188235294117647,0.1188118811881188,0.1791044776119403,0.0533333333333333,28,16,0.5714285714285714,0.75,21,25,3,5,1,0,0,0,21,25,0.1794871794871795,0.1937984496124031,13,37,54,43,1,2,14,11,0,0,3,4,0,2,0.1529411764705882,0.3663366336633663,0.6352941176470588,0.4257425742574257,200,280,36,14,63,122,56,78,45,66,0,0,1.709401709401709,2.1705426356589146,0.3076923076923077,0.1085271317829457,0.5384615384615384,0.9457364341085271,0.4786324786324786,0.6046511627906976,0.3846153846153846,0.5116279069767442,0.0,0.0,246,5.287636977780184,9.787578530900221,2
woxic,92,89,92,89,74,53,47,58,0.8043478260869565,0.5955056179775281,0.5108695652173914,0.651685393258427,1.574468085106383,0.913793103448276,0.4891304347826087,0.348314606741573,11238.0,8694.0,7556.0,6004.0,7466.0,8516.0,122.15217391304348,97.68539325842696,81.15217391304348,95.68539325842696,41.0,2.0,652.0,77.0,7.086956521739131,0.8651685393258427,82.1304347826087,67.46067415730337,74,58,80.43478260869566,65.1685393258427,1.3717391304347826,0.9669662921348317,1.342731956521739,0.9462318202247192,15,23,0.1630434782608695,0.2584269662921348,1,9,0.0108695652173913,0.1011235955056179,14,13,8,9,0.1891891891891892,0.2452830188679245,0.1702127659574468,0.1551724137931034,0.2391304347826087,0.247191011235955,12,8,11,7,0.1621621621621621,0.1509433962264151,0.2340425531914893,0.1206896551724138,23,15,0.5217391304347826,0.5333333333333333,18,10,6,2,0,0,0,0,18,10,0.1956521739130435,0.1123595505617977,5,14,44,29,4,0,11,6,2,0,7,4,1,0,0.0675675675675675,0.2641509433962264,0.5945945945945946,0.5471698113207547,133,190,33,6,34,102,39,54,27,28,0,0,1.4456521739130437,2.134831460674157,0.358695652173913,0.0674157303370786,0.3695652173913043,1.146067415730337,0.4239130434782608,0.6067415730337079,0.2934782608695652,0.3146067415730337,0.0,0.0,181,0.39195600592986185,10.881910497418577,2
xertioN,95,84,95,84,62,58,53,64,0.6526315789473685,0.6904761904761905,0.5578947368421052,0.7619047619047619,1.169811320754717,0.90625,0.4421052631578947,0.238095238095238,8558.0,8302.0,7203.0,6374.0,8025.0,9793.0,90.0842105263158,98.83333333333331,84.47368421052632,116.58333333333331,5.610526315789474,-17.75,650.0,662.0,6.842105263157895,7.880952380952381,75.82105263157895,75.88095238095238,79,54,83.15789473684211,64.28571428571429,1.0906315789473682,1.1357142857142857,1.2041357052631578,0.9560557142857142,25,15,0.2631578947368421,0.1785714285714285,3,0,0.031578947368421,0.0,11,19,17,16,0.1774193548387097,0.3275862068965517,0.320754716981132,0.25,0.2947368421052631,0.4166666666666667,11,6,7,15,0.1774193548387097,0.1034482758620689,0.1320754716981132,0.234375,18,21,0.6111111111111112,0.2857142857142857,12,14,1,4,0,2,0,0,12,14,0.1263157894736842,0.1666666666666666,46,38,0,0,3,3,11,12,0,0,0,0,2,5,0.7419354838709677,0.6551724137931034,0.0,0.0,204,148,58,28,39,29,58,45,49,46,0,0,2.147368421052632,1.761904761904762,0.6105263157894737,0.3333333333333333,0.4105263157894737,0.3452380952380952,0.6105263157894737,0.5357142857142857,0.5157894736842106,0.5476190476190477,0.0,0.0,179,1.199386937438457,-3.018466097011486,0
yuurih,120,112,120,112,89,82,62,78,0.7416666666666667,0.7321428571428571,0.5166666666666667,0.6964285714285714,1.435483870967742,1.051282051282051,0.4833333333333333,0.3035714285714285,11353.0,11666.0,9041.0,9186.0,8791.0,11156.0,94.60833333333332,104.16071428571428,73.25833333333334,99.60714285714286,21.35,4.553571428571429,523.0,738.0,4.358333333333333,6.589285714285714,75.34166666666667,82.01785714285714,102,81,85.0,72.32142857142857,1.28875,1.3103571428571428,1.3109023333333334,1.1459622500000002,34,39,0.2833333333333333,0.3482142857142857,11,7,0.0916666666666666,0.0625,13,24,16,16,0.146067415730337,0.2926829268292683,0.2580645161290322,0.2051282051282051,0.2416666666666666,0.3571428571428571,10,7,4,6,0.1123595505617977,0.0853658536585365,0.064516129032258,0.0769230769230769,14,13,0.7142857142857143,0.5384615384615384,22,20,1,4,0,1,0,0,22,20,0.1833333333333333,0.1785714285714285,67,68,0,0,7,0,15,11,0,0,0,0,0,2,0.7528089887640449,0.8292682926829268,0.0,0.0,336,230,68,39,88,71,96,59,84,60,0,1,2.8,2.0535714285714284,0.5666666666666667,0.3482142857142857,0.7333333333333333,0.6339285714285714,0.8,0.5267857142857143,0.7,0.5357142857142857,0.0,0.0089285714285714,232,6.237439534063015,-1.658047059485083,0
zont1x,166,154,166,154,115,73,102,101,0.6927710843373494,0.474025974025974,0.6144578313253012,0.6558441558441559,1.1274509803921569,0.7227722772277227,0.3855421686746988,0.3441558441558441,14775.0,10553.0,12473.0,8568.0,15008.0,13935.0,89.00602409638554,68.52597402597402,90.40963855421688,90.487012987013,-1.4036144578313252,-21.96103896103896,1127.0,899.0,6.789156626506024,5.837662337662338,75.13855421686748,55.63636363636363,130,110,78.3132530120482,71.42857142857143,1.1407831325301203,0.702922077922078,1.1336100240963856,0.8350032467532467,43,32,0.2590361445783132,0.2077922077922078,13,7,0.0783132530120482,0.0454545454545454,24,23,21,33,0.208695652173913,0.3150684931506849,0.2058823529411764,0.3267326732673267,0.2710843373493976,0.3636363636363636,15,5,10,22,0.1304347826086956,0.0684931506849315,0.0980392156862745,0.2178217821782178,25,27,0.6,0.1851851851851851,27,18,11,6,1,1,0,0,27,18,0.1626506024096385,0.1168831168831168,86,47,0,0,17,9,10,15,0,0,0,0,1,2,0.7478260869565218,0.6438356164383562,0.0,0.0,365,294,96,64,86,86,105,66,78,78,0,0,2.198795180722892,1.9090909090909087,0.5783132530120482,0.4155844155844156,0.5180722891566265,0.5584415584415584,0.6325301204819277,0.4285714285714285,0.4698795180722891,0.5064935064935064,0.0,0.0,320,8.350574476885845,-4.227206537847155,0
